-- Adminer 4.2.1 MySQL dump

SET NAMES utf8;
SET time_zone = '+00:00';
SET foreign_key_checks = 0;
SET sql_mode = 'NO_AUTO_VALUE_ON_ZERO';

USE `kriegsmaterialexport`;

SET NAMES utf8mb4;

DROP TABLE IF EXISTS `art`;
CREATE TABLE `art` (
  `Id` int(11) NOT NULL AUTO_INCREMENT,
  `Art` varchar(40) COLLATE utf8mb4_unicode_ci NOT NULL,
  PRIMARY KEY (`Id`),
  KEY `Art` (`Art`)
) ENGINE=InnoDB DEFAULT CHARSET=utf8mb4 COLLATE=utf8mb4_unicode_ci;

TRUNCATE `art`;
INSERT INTO `art` (`Id`, `Art`) VALUES
(2,	'Besondere Militärische Güter'),
(3,	'Dual Use Güter'),
(1,	'Kriegsmaterial');

DROP TABLE IF EXISTS `export`;
CREATE TABLE `export` (
  `Id` int(11) NOT NULL AUTO_INCREMENT,
  `Code` char(2) COLLATE utf8mb4_unicode_ci NOT NULL,
  `Art` varchar(40) COLLATE utf8mb4_unicode_ci NOT NULL,
  `System` varchar(10) COLLATE utf8mb4_unicode_ci NOT NULL,
  `Kategorie` varchar(15) COLLATE utf8mb4_unicode_ci DEFAULT NULL,
  `Year` year(4) NOT NULL,
  `Betrag` int(11) NOT NULL,
  PRIMARY KEY (`Id`),
  KEY `Art` (`Art`),
  KEY `Code` (`Code`),
  KEY `System` (`System`),
  KEY `Kategorie` (`Kategorie`),
  CONSTRAINT `export_ibfk_1` FOREIGN KEY (`Art`) REFERENCES `art` (`Art`),
  CONSTRAINT `export_ibfk_2` FOREIGN KEY (`Code`) REFERENCES `laender` (`Code`),
  CONSTRAINT `export_ibfk_3` FOREIGN KEY (`System`) REFERENCES `system` (`System`),
  CONSTRAINT `export_ibfk_4` FOREIGN KEY (`Kategorie`) REFERENCES `kategorie` (`Kategorie`)
) ENGINE=InnoDB DEFAULT CHARSET=utf8mb4 COLLATE=utf8mb4_unicode_ci;

TRUNCATE `export`;
INSERT INTO `export` (`Id`, `Code`, `Art`, `System`, `Kategorie`, `Year`, `Betrag`) VALUES
(1,	'BE',	'Kriegsmaterial',	'Wassenaar',	'KM1',	'2006',	318564),
(2,	'BE',	'Kriegsmaterial',	'Wassenaar',	'KM2',	'2006',	3195),
(3,	'BE',	'Kriegsmaterial',	'Wassenaar',	'KM3',	'2006',	5349823),
(4,	'BE',	'Kriegsmaterial',	'Wassenaar',	'KM8',	'2006',	41260),
(5,	'BE',	'Kriegsmaterial',	'Wassenaar',	'KM10',	'2006',	188831),
(6,	'BA',	'Kriegsmaterial',	'Wassenaar',	'KM1',	'2006',	13700),
(7,	'BA',	'Kriegsmaterial',	'Wassenaar',	'KM3',	'2006',	5380),
(8,	'BG',	'Kriegsmaterial',	'Wassenaar',	'KM1',	'2006',	5000),
(9,	'BG',	'Kriegsmaterial',	'Wassenaar',	'KM3',	'2006',	836159),
(10,	'DK',	'Kriegsmaterial',	'Wassenaar',	'KM1',	'2006',	61812),
(11,	'DK',	'Kriegsmaterial',	'Wassenaar',	'KM3',	'2006',	7695115),
(12,	'DK',	'Kriegsmaterial',	'Wassenaar',	'KM6',	'2006',	92814715),
(13,	'DK',	'Kriegsmaterial',	'Wassenaar',	'KM8',	'2006',	214217),
(14,	'DE',	'Kriegsmaterial',	'Wassenaar',	'KM1',	'2006',	6086157),
(15,	'DE',	'Kriegsmaterial',	'Wassenaar',	'KM2',	'2006',	14843483),
(16,	'DE',	'Kriegsmaterial',	'Wassenaar',	'KM3',	'2006',	19935975),
(17,	'DE',	'Kriegsmaterial',	'Wassenaar',	'KM4',	'2006',	314369),
(18,	'DE',	'Kriegsmaterial',	'Wassenaar',	'KM5',	'2006',	531840),
(19,	'DE',	'Kriegsmaterial',	'Wassenaar',	'KM6',	'2006',	10667089),
(20,	'DE',	'Kriegsmaterial',	'Wassenaar',	'KM7',	'2006',	88280),
(21,	'DE',	'Kriegsmaterial',	'Wassenaar',	'KM8',	'2006',	2242842),
(22,	'DE',	'Kriegsmaterial',	'Wassenaar',	'KM10',	'2006',	379431),
(23,	'DE',	'Kriegsmaterial',	'Wassenaar',	'KM16',	'2006',	575456),
(24,	'EE',	'Kriegsmaterial',	'Wassenaar',	'KM1',	'2006',	452751),
(25,	'FI',	'Kriegsmaterial',	'Wassenaar',	'KM1',	'2006',	110252),
(26,	'FI',	'Kriegsmaterial',	'Wassenaar',	'KM2',	'2006',	303878),
(27,	'FI',	'Kriegsmaterial',	'Wassenaar',	'KM3',	'2006',	26184),
(28,	'FI',	'Kriegsmaterial',	'Wassenaar',	'KM6',	'2006',	12860854),
(29,	'FR',	'Kriegsmaterial',	'Wassenaar',	'KM1',	'2006',	1152800),
(30,	'FR',	'Kriegsmaterial',	'Wassenaar',	'KM2',	'2006',	5024844),
(31,	'FR',	'Kriegsmaterial',	'Wassenaar',	'KM3',	'2006',	5264080),
(32,	'FR',	'Kriegsmaterial',	'Wassenaar',	'KM5',	'2006',	519427),
(33,	'FR',	'Kriegsmaterial',	'Wassenaar',	'KM6',	'2006',	483752),
(34,	'FR',	'Kriegsmaterial',	'Wassenaar',	'KM8',	'2006',	10000),
(35,	'FR',	'Kriegsmaterial',	'Wassenaar',	'KM10',	'2006',	6219837),
(36,	'GR',	'Kriegsmaterial',	'Wassenaar',	'KM1',	'2006',	19960),
(37,	'GR',	'Kriegsmaterial',	'Wassenaar',	'KM2',	'2006',	6991139),
(38,	'GR',	'Kriegsmaterial',	'Wassenaar',	'KM3',	'2006',	40395),
(39,	'GR',	'Kriegsmaterial',	'Wassenaar',	'KM5',	'2006',	824423),
(40,	'GR',	'Kriegsmaterial',	'Wassenaar',	'KM6',	'2006',	280987),
(41,	'GR',	'Kriegsmaterial',	'Wassenaar',	'KM16',	'2006',	130284),
(42,	'GB',	'Kriegsmaterial',	'Wassenaar',	'KM1',	'2006',	544159),
(43,	'GB',	'Kriegsmaterial',	'Wassenaar',	'KM2',	'2006',	1484177),
(44,	'GB',	'Kriegsmaterial',	'Wassenaar',	'KM3',	'2006',	1447112),
(45,	'GB',	'Kriegsmaterial',	'Wassenaar',	'KM5',	'2006',	715495),
(46,	'GB',	'Kriegsmaterial',	'Wassenaar',	'KM6',	'2006',	20000),
(47,	'GB',	'Kriegsmaterial',	'Wassenaar',	'KM8',	'2006',	9013508),
(48,	'GB',	'Kriegsmaterial',	'Wassenaar',	'KM10',	'2006',	1058126),
(49,	'IE',	'Kriegsmaterial',	'Wassenaar',	'KM1',	'2006',	22248),
(50,	'IE',	'Kriegsmaterial',	'Wassenaar',	'KM2',	'2006',	509685),
(51,	'IE',	'Kriegsmaterial',	'Wassenaar',	'KM6',	'2006',	3525335),
(52,	'IS',	'Kriegsmaterial',	'Wassenaar',	'KM1',	'2006',	7980),
(53,	'IT',	'Kriegsmaterial',	'Wassenaar',	'KM1',	'2006',	1161990),
(54,	'IT',	'Kriegsmaterial',	'Wassenaar',	'KM2',	'2006',	443338),
(55,	'IT',	'Kriegsmaterial',	'Wassenaar',	'KM3',	'2006',	716976),
(56,	'IT',	'Kriegsmaterial',	'Wassenaar',	'KM5',	'2006',	4621330),
(57,	'IT',	'Kriegsmaterial',	'Wassenaar',	'KM6',	'2006',	2332091),
(58,	'IT',	'Kriegsmaterial',	'Wassenaar',	'KM8',	'2006',	26154),
(59,	'HR',	'Kriegsmaterial',	'Wassenaar',	'KM1',	'2006',	13809),
(60,	'LV',	'Kriegsmaterial',	'Wassenaar',	'KM1',	'2006',	38230),
(61,	'LT',	'Kriegsmaterial',	'Wassenaar',	'KM1',	'2006',	26540),
(62,	'LT',	'Kriegsmaterial',	'Wassenaar',	'KM3',	'2006',	6222),
(63,	'LT',	'Kriegsmaterial',	'Wassenaar',	'KM7',	'2006',	89696),
(64,	'LU',	'Kriegsmaterial',	'Wassenaar',	'KM1',	'2006',	134010),
(65,	'LU',	'Kriegsmaterial',	'Wassenaar',	'KM3',	'2006',	120675),
(66,	'LU',	'Kriegsmaterial',	'Wassenaar',	'KM4',	'2006',	509698),
(67,	'NL',	'Kriegsmaterial',	'Wassenaar',	'KM1',	'2006',	543533),
(68,	'NL',	'Kriegsmaterial',	'Wassenaar',	'KM2',	'2006',	274772),
(69,	'NL',	'Kriegsmaterial',	'Wassenaar',	'KM3',	'2006',	7712515),
(70,	'NL',	'Kriegsmaterial',	'Wassenaar',	'KM4',	'2006',	2087139),
(71,	'NL',	'Kriegsmaterial',	'Wassenaar',	'KM6',	'2006',	743527),
(72,	'NL',	'Kriegsmaterial',	'Wassenaar',	'KM8',	'2006',	12517),
(73,	'NL',	'Kriegsmaterial',	'Wassenaar',	'KM10',	'2006',	466577),
(74,	'NO',	'Kriegsmaterial',	'Wassenaar',	'KM1',	'2006',	338544),
(75,	'NO',	'Kriegsmaterial',	'Wassenaar',	'KM3',	'2006',	1208478),
(76,	'NO',	'Kriegsmaterial',	'Wassenaar',	'KM6',	'2006',	2581),
(77,	'NO',	'Kriegsmaterial',	'Wassenaar',	'KM10',	'2006',	255000),
(78,	'AT',	'Kriegsmaterial',	'Wassenaar',	'KM1',	'2006',	201128),
(79,	'AT',	'Kriegsmaterial',	'Wassenaar',	'KM2',	'2006',	1196620),
(80,	'AT',	'Kriegsmaterial',	'Wassenaar',	'KM3',	'2006',	335449),
(81,	'AT',	'Kriegsmaterial',	'Wassenaar',	'KM6',	'2006',	311556),
(82,	'AT',	'Kriegsmaterial',	'Wassenaar',	'KM10',	'2006',	177247),
(83,	'PL',	'Kriegsmaterial',	'Wassenaar',	'KM1',	'2006',	179957),
(84,	'PL',	'Kriegsmaterial',	'Wassenaar',	'KM3',	'2006',	1254831),
(85,	'PT',	'Kriegsmaterial',	'Wassenaar',	'KM3',	'2006',	155934),
(86,	'RO',	'Kriegsmaterial',	'Wassenaar',	'KM1',	'2006',	178396),
(87,	'RO',	'Kriegsmaterial',	'Wassenaar',	'KM2',	'2006',	95908),
(88,	'RO',	'Kriegsmaterial',	'Wassenaar',	'KM5',	'2006',	5345),
(89,	'RO',	'Kriegsmaterial',	'Wassenaar',	'KM10',	'2006',	17200),
(90,	'SM',	'Kriegsmaterial',	'Wassenaar',	'KM1',	'2006',	16274),
(91,	'SE',	'Kriegsmaterial',	'Wassenaar',	'KM1',	'2006',	175954),
(92,	'SE',	'Kriegsmaterial',	'Wassenaar',	'KM2',	'2006',	1387300),
(93,	'SE',	'Kriegsmaterial',	'Wassenaar',	'KM3',	'2006',	4106517),
(94,	'SE',	'Kriegsmaterial',	'Wassenaar',	'KM5',	'2006',	2302972),
(95,	'SE',	'Kriegsmaterial',	'Wassenaar',	'KM6',	'2006',	3678732),
(96,	'SE',	'Kriegsmaterial',	'Wassenaar',	'KM8',	'2006',	329249),
(97,	'SK',	'Kriegsmaterial',	'Wassenaar',	'KM1',	'2006',	16868),
(98,	'SI',	'Kriegsmaterial',	'Wassenaar',	'KM1',	'2006',	12890),
(99,	'SI',	'Kriegsmaterial',	'Wassenaar',	'KM3',	'2006',	21548),
(100,	'ES',	'Kriegsmaterial',	'Wassenaar',	'KM1',	'2006',	27286),
(101,	'ES',	'Kriegsmaterial',	'Wassenaar',	'KM2',	'2006',	4752187),
(102,	'ES',	'Kriegsmaterial',	'Wassenaar',	'KM3',	'2006',	6563264),
(103,	'ES',	'Kriegsmaterial',	'Wassenaar',	'KM4',	'2006',	25974),
(104,	'ES',	'Kriegsmaterial',	'Wassenaar',	'KM5',	'2006',	6277872),
(105,	'ES',	'Kriegsmaterial',	'Wassenaar',	'KM6',	'2006',	675331),
(106,	'ES',	'Kriegsmaterial',	'Wassenaar',	'KM7',	'2006',	8000),
(107,	'ES',	'Kriegsmaterial',	'Wassenaar',	'KM8',	'2006',	605368),
(108,	'ES',	'Kriegsmaterial',	'Wassenaar',	'KM16',	'2006',	10413),
(109,	'CZ',	'Kriegsmaterial',	'Wassenaar',	'KM1',	'2006',	98575),
(110,	'CZ',	'Kriegsmaterial',	'Wassenaar',	'KM3',	'2006',	46826),
(111,	'TR',	'Kriegsmaterial',	'Wassenaar',	'KM1',	'2006',	41720),
(112,	'TR',	'Kriegsmaterial',	'Wassenaar',	'KM5',	'2006',	966894),
(113,	'HU',	'Kriegsmaterial',	'Wassenaar',	'KM1',	'2006',	5260),
(114,	'HU',	'Kriegsmaterial',	'Wassenaar',	'KM2',	'2006',	8480),
(115,	'CY',	'Kriegsmaterial',	'Wassenaar',	'KM5',	'2006',	12318),
(116,	'EG',	'Kriegsmaterial',	'Wassenaar',	'KM1',	'2006',	2165797),
(117,	'EG',	'Kriegsmaterial',	'Wassenaar',	'KM2',	'2006',	1061000),
(118,	'BJ',	'Kriegsmaterial',	'Wassenaar',	'KM1',	'2006',	2452),
(119,	'BW',	'Kriegsmaterial',	'Wassenaar',	'KM6',	'2006',	791619),
(120,	'GW',	'Kriegsmaterial',	'Wassenaar',	'KM1',	'2006',	3510),
(121,	'CM',	'Kriegsmaterial',	'Wassenaar',	'KM1',	'2006',	1530),
(122,	'NA',	'Kriegsmaterial',	'Wassenaar',	'KM3',	'2006',	550),
(123,	'NE',	'Kriegsmaterial',	'Wassenaar',	'KM1',	'2006',	13361),
(124,	'ZA',	'Kriegsmaterial',	'Wassenaar',	'KM1',	'2006',	10250),
(125,	'ZA',	'Kriegsmaterial',	'Wassenaar',	'KM2',	'2006',	76000),
(126,	'ZA',	'Kriegsmaterial',	'Wassenaar',	'KM3',	'2006',	149160),
(127,	'ZA',	'Kriegsmaterial',	'Wassenaar',	'KM8',	'2006',	123859),
(128,	'AR',	'Kriegsmaterial',	'Wassenaar',	'KM1',	'2006',	2300),
(129,	'AR',	'Kriegsmaterial',	'Wassenaar',	'KM2',	'2006',	46680),
(130,	'BR',	'Kriegsmaterial',	'Wassenaar',	'KM5',	'2006',	381998),
(131,	'CL',	'Kriegsmaterial',	'Wassenaar',	'KM1',	'2006',	44113),
(132,	'CL',	'Kriegsmaterial',	'Wassenaar',	'KM3',	'2006',	2409708),
(133,	'CL',	'Kriegsmaterial',	'Wassenaar',	'KM6',	'2006',	32943736),
(134,	'CL',	'Kriegsmaterial',	'Wassenaar',	'KM10',	'2006',	2570),
(135,	'CA',	'Kriegsmaterial',	'Wassenaar',	'KM1',	'2006',	338343),
(136,	'CA',	'Kriegsmaterial',	'Wassenaar',	'KM3',	'2006',	34354),
(137,	'CA',	'Kriegsmaterial',	'Wassenaar',	'KM6',	'2006',	137123),
(138,	'CA',	'Kriegsmaterial',	'Wassenaar',	'KM10',	'2006',	236124),
(139,	'US',	'Kriegsmaterial',	'Wassenaar',	'KM1',	'2006',	2118347),
(140,	'US',	'Kriegsmaterial',	'Wassenaar',	'KM2',	'2006',	1979729),
(141,	'US',	'Kriegsmaterial',	'Wassenaar',	'KM3',	'2006',	1959761),
(142,	'US',	'Kriegsmaterial',	'Wassenaar',	'KM5',	'2006',	292000),
(143,	'US',	'Kriegsmaterial',	'Wassenaar',	'KM6',	'2006',	188574),
(144,	'US',	'Kriegsmaterial',	'Wassenaar',	'KM8',	'2006',	66052),
(145,	'US',	'Kriegsmaterial',	'Wassenaar',	'KM10',	'2006',	46059403),
(146,	'US',	'Kriegsmaterial',	'Wassenaar',	'KM16',	'2006',	9164),
(147,	'AE',	'Kriegsmaterial',	'Wassenaar',	'KM1',	'2006',	121226),
(148,	'AE',	'Kriegsmaterial',	'Wassenaar',	'KM2',	'2006',	284870),
(149,	'AE',	'Kriegsmaterial',	'Wassenaar',	'KM5',	'2006',	238745),
(150,	'BH',	'Kriegsmaterial',	'Wassenaar',	'KM2',	'2006',	311912),
(151,	'BH',	'Kriegsmaterial',	'Wassenaar',	'KM3',	'2006',	1165000),
(152,	'BH',	'Kriegsmaterial',	'Wassenaar',	'KM5',	'2006',	8471),
(153,	'HK',	'Kriegsmaterial',	'Wassenaar',	'KM1',	'2006',	215),
(154,	'HK',	'Kriegsmaterial',	'Wassenaar',	'KM3',	'2006',	16377),
(155,	'IN',	'Kriegsmaterial',	'Wassenaar',	'KM5',	'2006',	3104643),
(156,	'JP',	'Kriegsmaterial',	'Wassenaar',	'KM1',	'2006',	308436),
(157,	'JP',	'Kriegsmaterial',	'Wassenaar',	'KM2',	'2006',	61560),
(158,	'JP',	'Kriegsmaterial',	'Wassenaar',	'KM3',	'2006',	277418),
(159,	'JO',	'Kriegsmaterial',	'Wassenaar',	'KM1',	'2006',	19330),
(160,	'JO',	'Kriegsmaterial',	'Wassenaar',	'KM6',	'2006',	139860),
(161,	'QA',	'Kriegsmaterial',	'Wassenaar',	'KM1',	'2006',	12600),
(162,	'KR',	'Kriegsmaterial',	'Wassenaar',	'KM1',	'2006',	22660),
(163,	'KW',	'Kriegsmaterial',	'Wassenaar',	'KM1',	'2006',	252995),
(164,	'KW',	'Kriegsmaterial',	'Wassenaar',	'KM3',	'2006',	1826896),
(165,	'MO',	'Kriegsmaterial',	'Wassenaar',	'KM1',	'2006',	91498),
(166,	'MY',	'Kriegsmaterial',	'Wassenaar',	'KM2',	'2006',	1323265),
(167,	'MY',	'Kriegsmaterial',	'Wassenaar',	'KM3',	'2006',	2932669),
(168,	'MY',	'Kriegsmaterial',	'Wassenaar',	'KM5',	'2006',	675760),
(169,	'MY',	'Kriegsmaterial',	'Wassenaar',	'KM8',	'2006',	512600),
(170,	'OM',	'Kriegsmaterial',	'Wassenaar',	'KM1',	'2006',	6204),
(171,	'OM',	'Kriegsmaterial',	'Wassenaar',	'KM2',	'2006',	115932),
(172,	'OM',	'Kriegsmaterial',	'Wassenaar',	'KM5',	'2006',	118917),
(173,	'SA',	'Kriegsmaterial',	'Wassenaar',	'KM1',	'2006',	280769),
(174,	'SA',	'Kriegsmaterial',	'Wassenaar',	'KM2',	'2006',	136618),
(175,	'SA',	'Kriegsmaterial',	'Wassenaar',	'KM5',	'2006',	1315834),
(176,	'SG',	'Kriegsmaterial',	'Wassenaar',	'KM1',	'2006',	475260),
(177,	'SG',	'Kriegsmaterial',	'Wassenaar',	'KM2',	'2006',	2766926),
(178,	'SG',	'Kriegsmaterial',	'Wassenaar',	'KM3',	'2006',	546329),
(179,	'SG',	'Kriegsmaterial',	'Wassenaar',	'KM5',	'2006',	145442),
(180,	'SG',	'Kriegsmaterial',	'Wassenaar',	'KM8',	'2006',	210400),
(181,	'SG',	'Kriegsmaterial',	'Wassenaar',	'KM16',	'2006',	23927),
(182,	'AU',	'Kriegsmaterial',	'Wassenaar',	'KM1',	'2006',	9083),
(183,	'AU',	'Kriegsmaterial',	'Wassenaar',	'KM3',	'2006',	1525667),
(184,	'AU',	'Kriegsmaterial',	'Wassenaar',	'KM10',	'2006',	1561),
(185,	'NZ',	'Kriegsmaterial',	'Wassenaar',	'KM1',	'2006',	54296),
(186,	'NZ',	'Kriegsmaterial',	'Wassenaar',	'KM3',	'2006',	50),
(187,	'BE',	'Kriegsmaterial',	'Wassenaar',	'KM1',	'2007',	300229),
(188,	'BE',	'Kriegsmaterial',	'Wassenaar',	'KM2',	'2007',	913770),
(189,	'BE',	'Kriegsmaterial',	'Wassenaar',	'KM3',	'2007',	3966304),
(190,	'BE',	'Kriegsmaterial',	'Wassenaar',	'KM8',	'2007',	375527),
(191,	'BA',	'Kriegsmaterial',	'Wassenaar',	'KM1',	'2007',	31500),
(192,	'BA',	'Kriegsmaterial',	'Wassenaar',	'KM3',	'2007',	500),
(193,	'BG',	'Kriegsmaterial',	'Wassenaar',	'KM1',	'2007',	47627),
(194,	'DK',	'Kriegsmaterial',	'Wassenaar',	'KM1',	'2007',	25351),
(195,	'DK',	'Kriegsmaterial',	'Wassenaar',	'KM2',	'2007',	11788307),
(196,	'DK',	'Kriegsmaterial',	'Wassenaar',	'KM3',	'2007',	5596382),
(197,	'DK',	'Kriegsmaterial',	'Wassenaar',	'KM5',	'2007',	5834848),
(198,	'DK',	'Kriegsmaterial',	'Wassenaar',	'KM6',	'2007',	18066354),
(199,	'DK',	'Kriegsmaterial',	'Wassenaar',	'KM8',	'2007',	721361),
(200,	'DE',	'Kriegsmaterial',	'Wassenaar',	'KM1',	'2007',	4969896),
(201,	'DE',	'Kriegsmaterial',	'Wassenaar',	'KM2',	'2007',	11921930),
(202,	'DE',	'Kriegsmaterial',	'Wassenaar',	'KM3',	'2007',	28341760),
(203,	'DE',	'Kriegsmaterial',	'Wassenaar',	'KM4',	'2007',	238217),
(204,	'DE',	'Kriegsmaterial',	'Wassenaar',	'KM5',	'2007',	614076),
(205,	'DE',	'Kriegsmaterial',	'Wassenaar',	'KM6',	'2007',	11736064),
(206,	'DE',	'Kriegsmaterial',	'Wassenaar',	'KM7',	'2007',	1991),
(207,	'DE',	'Kriegsmaterial',	'Wassenaar',	'KM8',	'2007',	2859034),
(208,	'DE',	'Kriegsmaterial',	'Wassenaar',	'KM10',	'2007',	384388),
(209,	'DE',	'Kriegsmaterial',	'Wassenaar',	'KM16',	'2007',	678928),
(210,	'EE',	'Kriegsmaterial',	'Wassenaar',	'KM1',	'2007',	5639),
(211,	'FI',	'Kriegsmaterial',	'Wassenaar',	'KM1',	'2007',	86949),
(212,	'FI',	'Kriegsmaterial',	'Wassenaar',	'KM2',	'2007',	612001),
(213,	'FI',	'Kriegsmaterial',	'Wassenaar',	'KM3',	'2007',	27640),
(214,	'FI',	'Kriegsmaterial',	'Wassenaar',	'KM6',	'2007',	15487387),
(215,	'FI',	'Kriegsmaterial',	'Wassenaar',	'KM8',	'2007',	96762),
(216,	'FR',	'Kriegsmaterial',	'Wassenaar',	'KM1',	'2007',	1020111),
(217,	'FR',	'Kriegsmaterial',	'Wassenaar',	'KM2',	'2007',	2992946),
(218,	'FR',	'Kriegsmaterial',	'Wassenaar',	'KM3',	'2007',	7225641),
(219,	'FR',	'Kriegsmaterial',	'Wassenaar',	'KM4',	'2007',	77952),
(220,	'FR',	'Kriegsmaterial',	'Wassenaar',	'KM5',	'2007',	170000),
(221,	'FR',	'Kriegsmaterial',	'Wassenaar',	'KM6',	'2007',	121300),
(222,	'FR',	'Kriegsmaterial',	'Wassenaar',	'KM8',	'2007',	442783),
(223,	'FR',	'Kriegsmaterial',	'Wassenaar',	'KM10',	'2007',	6490425),
(224,	'GR',	'Kriegsmaterial',	'Wassenaar',	'KM1',	'2007',	14870),
(225,	'GR',	'Kriegsmaterial',	'Wassenaar',	'KM2',	'2007',	6513848),
(226,	'GR',	'Kriegsmaterial',	'Wassenaar',	'KM3',	'2007',	629000),
(227,	'GR',	'Kriegsmaterial',	'Wassenaar',	'KM5',	'2007',	10709359),
(228,	'GR',	'Kriegsmaterial',	'Wassenaar',	'KM6',	'2007',	78086),
(229,	'GR',	'Kriegsmaterial',	'Wassenaar',	'KM16',	'2007',	48077),
(230,	'GB',	'Kriegsmaterial',	'Wassenaar',	'KM1',	'2007',	737382),
(231,	'GB',	'Kriegsmaterial',	'Wassenaar',	'KM2',	'2007',	1721069),
(232,	'GB',	'Kriegsmaterial',	'Wassenaar',	'KM3',	'2007',	24722745),
(233,	'GB',	'Kriegsmaterial',	'Wassenaar',	'KM5',	'2007',	216212),
(234,	'GB',	'Kriegsmaterial',	'Wassenaar',	'KM8',	'2007',	10461958),
(235,	'GB',	'Kriegsmaterial',	'Wassenaar',	'KM10',	'2007',	1660439),
(236,	'IE',	'Kriegsmaterial',	'Wassenaar',	'KM1',	'2007',	25478),
(237,	'IE',	'Kriegsmaterial',	'Wassenaar',	'KM3',	'2007',	12223),
(238,	'IE',	'Kriegsmaterial',	'Wassenaar',	'KM6',	'2007',	50643481),
(239,	'IS',	'Kriegsmaterial',	'Wassenaar',	'KM1',	'2007',	4446),
(240,	'IT',	'Kriegsmaterial',	'Wassenaar',	'KM1',	'2007',	785891),
(241,	'IT',	'Kriegsmaterial',	'Wassenaar',	'KM2',	'2007',	2473084),
(242,	'IT',	'Kriegsmaterial',	'Wassenaar',	'KM3',	'2007',	1656300),
(243,	'IT',	'Kriegsmaterial',	'Wassenaar',	'KM5',	'2007',	12232146),
(244,	'IT',	'Kriegsmaterial',	'Wassenaar',	'KM6',	'2007',	54275),
(245,	'KZ',	'Kriegsmaterial',	'Wassenaar',	'KM1',	'2007',	327376),
(246,	'KZ',	'Kriegsmaterial',	'Wassenaar',	'KM3',	'2007',	26260),
(247,	'HR',	'Kriegsmaterial',	'Wassenaar',	'KM1',	'2007',	19900),
(248,	'LT',	'Kriegsmaterial',	'Wassenaar',	'KM1',	'2007',	26777),
(249,	'LT',	'Kriegsmaterial',	'Wassenaar',	'KM3',	'2007',	34860),
(250,	'LU',	'Kriegsmaterial',	'Wassenaar',	'KM1',	'2007',	85648),
(251,	'LU',	'Kriegsmaterial',	'Wassenaar',	'KM3',	'2007',	161380),
(252,	'MT',	'Kriegsmaterial',	'Wassenaar',	'KM1',	'2007',	6905),
(253,	'NL',	'Kriegsmaterial',	'Wassenaar',	'KM1',	'2007',	691342),
(254,	'NL',	'Kriegsmaterial',	'Wassenaar',	'KM2',	'2007',	4479845),
(255,	'NL',	'Kriegsmaterial',	'Wassenaar',	'KM3',	'2007',	16825120),
(256,	'NL',	'Kriegsmaterial',	'Wassenaar',	'KM6',	'2007',	4867416),
(257,	'NL',	'Kriegsmaterial',	'Wassenaar',	'KM8',	'2007',	30700),
(258,	'NL',	'Kriegsmaterial',	'Wassenaar',	'KM10',	'2007',	282807),
(259,	'NL',	'Kriegsmaterial',	'Wassenaar',	'KM16',	'2007',	4909),
(260,	'NO',	'Kriegsmaterial',	'Wassenaar',	'KM1',	'2007',	1158911),
(261,	'NO',	'Kriegsmaterial',	'Wassenaar',	'KM3',	'2007',	4671442),
(262,	'NO',	'Kriegsmaterial',	'Wassenaar',	'KM6',	'2007',	142486),
(263,	'NO',	'Kriegsmaterial',	'Wassenaar',	'KM8',	'2007',	823278),
(264,	'AT',	'Kriegsmaterial',	'Wassenaar',	'KM1',	'2007',	691508),
(265,	'AT',	'Kriegsmaterial',	'Wassenaar',	'KM2',	'2007',	1703659),
(266,	'AT',	'Kriegsmaterial',	'Wassenaar',	'KM3',	'2007',	3134189),
(267,	'AT',	'Kriegsmaterial',	'Wassenaar',	'KM5',	'2007',	114030),
(268,	'AT',	'Kriegsmaterial',	'Wassenaar',	'KM6',	'2007',	296893),
(269,	'AT',	'Kriegsmaterial',	'Wassenaar',	'KM8',	'2007',	211179),
(270,	'PL',	'Kriegsmaterial',	'Wassenaar',	'KM1',	'2007',	211578),
(271,	'PL',	'Kriegsmaterial',	'Wassenaar',	'KM3',	'2007',	5777060),
(272,	'PT',	'Kriegsmaterial',	'Wassenaar',	'KM1',	'2007',	67819),
(273,	'RO',	'Kriegsmaterial',	'Wassenaar',	'KM1',	'2007',	602894),
(274,	'RO',	'Kriegsmaterial',	'Wassenaar',	'KM2',	'2007',	30115),
(275,	'RO',	'Kriegsmaterial',	'Wassenaar',	'KM3',	'2007',	37000),
(276,	'RO',	'Kriegsmaterial',	'Wassenaar',	'KM10',	'2007',	6883),
(277,	'RU',	'Kriegsmaterial',	'Wassenaar',	'KM1',	'2007',	28178),
(278,	'RU',	'Kriegsmaterial',	'Wassenaar',	'KM3',	'2007',	3029),
(279,	'SM',	'Kriegsmaterial',	'Wassenaar',	'KM1',	'2007',	9755),
(280,	'SE',	'Kriegsmaterial',	'Wassenaar',	'KM1',	'2007',	580483),
(281,	'SE',	'Kriegsmaterial',	'Wassenaar',	'KM2',	'2007',	2586720),
(282,	'SE',	'Kriegsmaterial',	'Wassenaar',	'KM3',	'2007',	3295214),
(283,	'SE',	'Kriegsmaterial',	'Wassenaar',	'KM5',	'2007',	1174848),
(284,	'SE',	'Kriegsmaterial',	'Wassenaar',	'KM6',	'2007',	4434256),
(285,	'SE',	'Kriegsmaterial',	'Wassenaar',	'KM7',	'2007',	10400),
(286,	'SE',	'Kriegsmaterial',	'Wassenaar',	'KM8',	'2007',	414462),
(287,	'SE',	'Kriegsmaterial',	'Wassenaar',	'KM10',	'2007',	946505),
(288,	'SK',	'Kriegsmaterial',	'Wassenaar',	'KM1',	'2007',	93301),
(289,	'SI',	'Kriegsmaterial',	'Wassenaar',	'KM1',	'2007',	22213),
(290,	'ES',	'Kriegsmaterial',	'Wassenaar',	'KM1',	'2007',	120415),
(291,	'ES',	'Kriegsmaterial',	'Wassenaar',	'KM2',	'2007',	2682953),
(292,	'ES',	'Kriegsmaterial',	'Wassenaar',	'KM3',	'2007',	4254423),
(293,	'ES',	'Kriegsmaterial',	'Wassenaar',	'KM4',	'2007',	22373),
(294,	'ES',	'Kriegsmaterial',	'Wassenaar',	'KM5',	'2007',	1135551),
(295,	'ES',	'Kriegsmaterial',	'Wassenaar',	'KM6',	'2007',	465970),
(296,	'ES',	'Kriegsmaterial',	'Wassenaar',	'KM8',	'2007',	184000),
(297,	'ES',	'Kriegsmaterial',	'Wassenaar',	'KM16',	'2007',	21088),
(298,	'CZ',	'Kriegsmaterial',	'Wassenaar',	'KM1',	'2007',	217388),
(299,	'CZ',	'Kriegsmaterial',	'Wassenaar',	'KM3',	'2007',	240104),
(300,	'CZ',	'Kriegsmaterial',	'Wassenaar',	'KM10',	'2007',	5294),
(301,	'TR',	'Kriegsmaterial',	'Wassenaar',	'KM1',	'2007',	43202),
(302,	'UA',	'Kriegsmaterial',	'Wassenaar',	'KM1',	'2007',	72700),
(303,	'UA',	'Kriegsmaterial',	'Wassenaar',	'KM3',	'2007',	5587),
(304,	'HU',	'Kriegsmaterial',	'Wassenaar',	'KM1',	'2007',	173616),
(305,	'HU',	'Kriegsmaterial',	'Wassenaar',	'KM7',	'2007',	31686),
(306,	'CY',	'Kriegsmaterial',	'Wassenaar',	'KM3',	'2007',	1281762),
(307,	'EG',	'Kriegsmaterial',	'Wassenaar',	'KM1',	'2007',	1066229),
(308,	'KE',	'Kriegsmaterial',	'Wassenaar',	'KM3',	'2007',	3600),
(309,	'NE',	'Kriegsmaterial',	'Wassenaar',	'KM1',	'2007',	3165),
(310,	'ZA',	'Kriegsmaterial',	'Wassenaar',	'KM1',	'2007',	36108),
(311,	'ZA',	'Kriegsmaterial',	'Wassenaar',	'KM2',	'2007',	357890),
(312,	'ZA',	'Kriegsmaterial',	'Wassenaar',	'KM3',	'2007',	482713),
(313,	'ZA',	'Kriegsmaterial',	'Wassenaar',	'KM10',	'2007',	188760),
(314,	'AR',	'Kriegsmaterial',	'Wassenaar',	'KM2',	'2007',	623668),
(315,	'AR',	'Kriegsmaterial',	'Wassenaar',	'KM5',	'2007',	24380),
(316,	'BB',	'Kriegsmaterial',	'Wassenaar',	'KM1',	'2007',	19116),
(317,	'BR',	'Kriegsmaterial',	'Wassenaar',	'KM2',	'2007',	2232),
(318,	'BR',	'Kriegsmaterial',	'Wassenaar',	'KM5',	'2007',	13086),
(319,	'BR',	'Kriegsmaterial',	'Wassenaar',	'KM6',	'2007',	12512685),
(320,	'CL',	'Kriegsmaterial',	'Wassenaar',	'KM2',	'2007',	219366),
(321,	'CL',	'Kriegsmaterial',	'Wassenaar',	'KM3',	'2007',	194432),
(322,	'CL',	'Kriegsmaterial',	'Wassenaar',	'KM6',	'2007',	2770139),
(323,	'CA',	'Kriegsmaterial',	'Wassenaar',	'KM1',	'2007',	403020),
(324,	'CA',	'Kriegsmaterial',	'Wassenaar',	'KM3',	'2007',	9490),
(325,	'CA',	'Kriegsmaterial',	'Wassenaar',	'KM5',	'2007',	119000),
(326,	'CA',	'Kriegsmaterial',	'Wassenaar',	'KM6',	'2007',	713068),
(327,	'CA',	'Kriegsmaterial',	'Wassenaar',	'KM10',	'2007',	154373),
(328,	'US',	'Kriegsmaterial',	'Wassenaar',	'KM1',	'2007',	3599445),
(329,	'US',	'Kriegsmaterial',	'Wassenaar',	'KM2',	'2007',	213884),
(330,	'US',	'Kriegsmaterial',	'Wassenaar',	'KM3',	'2007',	1961684),
(331,	'US',	'Kriegsmaterial',	'Wassenaar',	'KM5',	'2007',	1010000),
(332,	'US',	'Kriegsmaterial',	'Wassenaar',	'KM6',	'2007',	231428),
(333,	'US',	'Kriegsmaterial',	'Wassenaar',	'KM8',	'2007',	658466),
(334,	'US',	'Kriegsmaterial',	'Wassenaar',	'KM10',	'2007',	34377386),
(335,	'US',	'Kriegsmaterial',	'Wassenaar',	'KM16',	'2007',	5067),
(336,	'UY',	'Kriegsmaterial',	'Wassenaar',	'KM3',	'2007',	960),
(337,	'VE',	'Kriegsmaterial',	'Wassenaar',	'KM1',	'2007',	10000),
(338,	'AE',	'Kriegsmaterial',	'Wassenaar',	'KM1',	'2007',	1416517),
(339,	'AE',	'Kriegsmaterial',	'Wassenaar',	'KM2',	'2007',	965703),
(340,	'AE',	'Kriegsmaterial',	'Wassenaar',	'KM3',	'2007',	252),
(341,	'AE',	'Kriegsmaterial',	'Wassenaar',	'KM5',	'2007',	1815057),
(342,	'AE',	'Kriegsmaterial',	'Wassenaar',	'KM6',	'2007',	2392944),
(343,	'BH',	'Kriegsmaterial',	'Wassenaar',	'KM1',	'2007',	12804),
(344,	'BH',	'Kriegsmaterial',	'Wassenaar',	'KM2',	'2007',	260078),
(345,	'HK',	'Kriegsmaterial',	'Wassenaar',	'KM1',	'2007',	44300),
(346,	'HK',	'Kriegsmaterial',	'Wassenaar',	'KM3',	'2007',	480),
(347,	'IN',	'Kriegsmaterial',	'Wassenaar',	'KM2',	'2007',	10000),
(348,	'IN',	'Kriegsmaterial',	'Wassenaar',	'KM5',	'2007',	2057266),
(349,	'JP',	'Kriegsmaterial',	'Wassenaar',	'KM1',	'2007',	7800),
(350,	'JP',	'Kriegsmaterial',	'Wassenaar',	'KM3',	'2007',	149255),
(351,	'JO',	'Kriegsmaterial',	'Wassenaar',	'KM1',	'2007',	96294),
(352,	'QA',	'Kriegsmaterial',	'Wassenaar',	'KM1',	'2007',	61734),
(353,	'KR',	'Kriegsmaterial',	'Wassenaar',	'KM8',	'2007',	1031280),
(354,	'KW',	'Kriegsmaterial',	'Wassenaar',	'KM1',	'2007',	176163),
(355,	'LB',	'Kriegsmaterial',	'Wassenaar',	'KM1',	'2007',	9270),
(356,	'MO',	'Kriegsmaterial',	'Wassenaar',	'KM1',	'2007',	82250),
(357,	'MO',	'Kriegsmaterial',	'Wassenaar',	'KM3',	'2007',	191341),
(358,	'MY',	'Kriegsmaterial',	'Wassenaar',	'KM1',	'2007',	137673),
(359,	'MY',	'Kriegsmaterial',	'Wassenaar',	'KM2',	'2007',	6973),
(360,	'MY',	'Kriegsmaterial',	'Wassenaar',	'KM3',	'2007',	3630956),
(361,	'MY',	'Kriegsmaterial',	'Wassenaar',	'KM5',	'2007',	3114506),
(362,	'MY',	'Kriegsmaterial',	'Wassenaar',	'KM8',	'2007',	844392),
(363,	'OM',	'Kriegsmaterial',	'Wassenaar',	'KM2',	'2007',	28650),
(364,	'OM',	'Kriegsmaterial',	'Wassenaar',	'KM3',	'2007',	471399),
(365,	'OM',	'Kriegsmaterial',	'Wassenaar',	'KM5',	'2007',	56770),
(366,	'PK',	'Kriegsmaterial',	'Wassenaar',	'KM1',	'2007',	1215),
(367,	'PK',	'Kriegsmaterial',	'Wassenaar',	'KM2',	'2007',	30653160),
(368,	'PK',	'Kriegsmaterial',	'Wassenaar',	'KM5',	'2007',	6877702),
(369,	'SA',	'Kriegsmaterial',	'Wassenaar',	'KM1',	'2007',	131500),
(370,	'SA',	'Kriegsmaterial',	'Wassenaar',	'KM2',	'2007',	10630),
(371,	'SA',	'Kriegsmaterial',	'Wassenaar',	'KM5',	'2007',	343164),
(372,	'SG',	'Kriegsmaterial',	'Wassenaar',	'KM1',	'2007',	9418),
(373,	'SG',	'Kriegsmaterial',	'Wassenaar',	'KM2',	'2007',	90231),
(374,	'SG',	'Kriegsmaterial',	'Wassenaar',	'KM3',	'2007',	800004),
(375,	'SG',	'Kriegsmaterial',	'Wassenaar',	'KM5',	'2007',	246561),
(376,	'SG',	'Kriegsmaterial',	'Wassenaar',	'KM8',	'2007',	227400),
(377,	'SG',	'Kriegsmaterial',	'Wassenaar',	'KM16',	'2007',	5874),
(378,	'TH',	'Kriegsmaterial',	'Wassenaar',	'KM1',	'2007',	8600),
(379,	'TH',	'Kriegsmaterial',	'Wassenaar',	'KM5',	'2007',	47440),
(380,	'AU',	'Kriegsmaterial',	'Wassenaar',	'KM1',	'2007',	43199),
(381,	'AU',	'Kriegsmaterial',	'Wassenaar',	'KM3',	'2007',	2094886),
(382,	'AU',	'Kriegsmaterial',	'Wassenaar',	'KM6',	'2007',	9500),
(383,	'NZ',	'Kriegsmaterial',	'Wassenaar',	'KM1',	'2007',	42773),
(384,	'AD',	'Kriegsmaterial',	'Wassenaar',	'KM1',	'2008',	1600),
(385,	'BE',	'Kriegsmaterial',	'Wassenaar',	'KM1',	'2008',	647477),
(386,	'BE',	'Kriegsmaterial',	'Wassenaar',	'KM2',	'2008',	2442),
(387,	'BE',	'Kriegsmaterial',	'Wassenaar',	'KM3',	'2008',	1863959),
(388,	'BE',	'Kriegsmaterial',	'Wassenaar',	'KM4',	'2008',	204501),
(389,	'BE',	'Kriegsmaterial',	'Wassenaar',	'KM6',	'2008',	76252811),
(390,	'BE',	'Kriegsmaterial',	'Wassenaar',	'KM8',	'2008',	340251),
(391,	'BE',	'Kriegsmaterial',	'Wassenaar',	'KM10',	'2008',	51787),
(392,	'BA',	'Kriegsmaterial',	'Wassenaar',	'KM1',	'2008',	224127),
(393,	'BA',	'Kriegsmaterial',	'Wassenaar',	'KM2',	'2008',	19880),
(394,	'BG',	'Kriegsmaterial',	'Wassenaar',	'KM1',	'2008',	169040),
(395,	'BG',	'Kriegsmaterial',	'Wassenaar',	'KM3',	'2008',	35702),
(396,	'BG',	'Kriegsmaterial',	'Wassenaar',	'KM8',	'2008',	151508),
(397,	'DK',	'Kriegsmaterial',	'Wassenaar',	'KM1',	'2008',	68874),
(398,	'DK',	'Kriegsmaterial',	'Wassenaar',	'KM2',	'2008',	9444242),
(399,	'DK',	'Kriegsmaterial',	'Wassenaar',	'KM3',	'2008',	9276014),
(400,	'DK',	'Kriegsmaterial',	'Wassenaar',	'KM4',	'2008',	1082920),
(401,	'DK',	'Kriegsmaterial',	'Wassenaar',	'KM6',	'2008',	62544800),
(402,	'DK',	'Kriegsmaterial',	'Wassenaar',	'KM8',	'2008',	1272070),
(403,	'DE',	'Kriegsmaterial',	'Wassenaar',	'KM1',	'2008',	6441579),
(404,	'DE',	'Kriegsmaterial',	'Wassenaar',	'KM2',	'2008',	15289934),
(405,	'DE',	'Kriegsmaterial',	'Wassenaar',	'KM3',	'2008',	21884756),
(406,	'DE',	'Kriegsmaterial',	'Wassenaar',	'KM4',	'2008',	244330),
(407,	'DE',	'Kriegsmaterial',	'Wassenaar',	'KM5',	'2008',	215589),
(408,	'DE',	'Kriegsmaterial',	'Wassenaar',	'KM6',	'2008',	31805319),
(409,	'DE',	'Kriegsmaterial',	'Wassenaar',	'KM7',	'2008',	19293),
(410,	'DE',	'Kriegsmaterial',	'Wassenaar',	'KM8',	'2008',	4355266),
(411,	'DE',	'Kriegsmaterial',	'Wassenaar',	'KM10',	'2008',	284480),
(412,	'DE',	'Kriegsmaterial',	'Wassenaar',	'KM16',	'2008',	367248),
(413,	'EE',	'Kriegsmaterial',	'Wassenaar',	'KM1',	'2008',	2510683),
(414,	'EE',	'Kriegsmaterial',	'Wassenaar',	'KM3',	'2008',	60559),
(415,	'FI',	'Kriegsmaterial',	'Wassenaar',	'KM1',	'2008',	114105),
(416,	'FI',	'Kriegsmaterial',	'Wassenaar',	'KM2',	'2008',	73775),
(417,	'FI',	'Kriegsmaterial',	'Wassenaar',	'KM3',	'2008',	6964233),
(418,	'FI',	'Kriegsmaterial',	'Wassenaar',	'KM6',	'2008',	744971),
(419,	'FI',	'Kriegsmaterial',	'Wassenaar',	'KM8',	'2008',	105306),
(420,	'FI',	'Kriegsmaterial',	'Wassenaar',	'KM10',	'2008',	22558374),
(421,	'FR',	'Kriegsmaterial',	'Wassenaar',	'KM1',	'2008',	1783424),
(422,	'FR',	'Kriegsmaterial',	'Wassenaar',	'KM2',	'2008',	4104193),
(423,	'FR',	'Kriegsmaterial',	'Wassenaar',	'KM3',	'2008',	6553253),
(424,	'FR',	'Kriegsmaterial',	'Wassenaar',	'KM4',	'2008',	255917),
(425,	'FR',	'Kriegsmaterial',	'Wassenaar',	'KM5',	'2008',	598526),
(426,	'FR',	'Kriegsmaterial',	'Wassenaar',	'KM6',	'2008',	650000),
(427,	'FR',	'Kriegsmaterial',	'Wassenaar',	'KM10',	'2008',	3286505),
(428,	'GR',	'Kriegsmaterial',	'Wassenaar',	'KM1',	'2008',	41070),
(429,	'GR',	'Kriegsmaterial',	'Wassenaar',	'KM2',	'2008',	943696),
(430,	'GR',	'Kriegsmaterial',	'Wassenaar',	'KM5',	'2008',	2909665),
(431,	'GR',	'Kriegsmaterial',	'Wassenaar',	'KM6',	'2008',	161096),
(432,	'GR',	'Kriegsmaterial',	'Wassenaar',	'KM16',	'2008',	2571),
(433,	'GB',	'Kriegsmaterial',	'Wassenaar',	'KM1',	'2008',	795853),
(434,	'GB',	'Kriegsmaterial',	'Wassenaar',	'KM2',	'2008',	519484),
(435,	'GB',	'Kriegsmaterial',	'Wassenaar',	'KM3',	'2008',	25380807),
(436,	'GB',	'Kriegsmaterial',	'Wassenaar',	'KM5',	'2008',	111364),
(437,	'GB',	'Kriegsmaterial',	'Wassenaar',	'KM6',	'2008',	1733145),
(438,	'GB',	'Kriegsmaterial',	'Wassenaar',	'KM8',	'2008',	16172696),
(439,	'GB',	'Kriegsmaterial',	'Wassenaar',	'KM10',	'2008',	2695386),
(440,	'IE',	'Kriegsmaterial',	'Wassenaar',	'KM1',	'2008',	68315),
(441,	'IE',	'Kriegsmaterial',	'Wassenaar',	'KM4',	'2008',	1953258),
(442,	'IE',	'Kriegsmaterial',	'Wassenaar',	'KM6',	'2008',	3833822),
(443,	'IS',	'Kriegsmaterial',	'Wassenaar',	'KM1',	'2008',	3650),
(444,	'IT',	'Kriegsmaterial',	'Wassenaar',	'KM1',	'2008',	875451),
(445,	'IT',	'Kriegsmaterial',	'Wassenaar',	'KM2',	'2008',	223340),
(446,	'IT',	'Kriegsmaterial',	'Wassenaar',	'KM3',	'2008',	23930),
(447,	'IT',	'Kriegsmaterial',	'Wassenaar',	'KM5',	'2008',	4497974),
(448,	'IT',	'Kriegsmaterial',	'Wassenaar',	'KM6',	'2008',	1890054),
(449,	'IT',	'Kriegsmaterial',	'Wassenaar',	'KM8',	'2008',	30317),
(450,	'IT',	'Kriegsmaterial',	'Wassenaar',	'KM10',	'2008',	372723),
(451,	'IT',	'Kriegsmaterial',	'Wassenaar',	'KM16',	'2008',	54903),
(452,	'KZ',	'Kriegsmaterial',	'Wassenaar',	'KM1',	'2008',	10000),
(453,	'HR',	'Kriegsmaterial',	'Wassenaar',	'KM1',	'2008',	22915),
(454,	'LV',	'Kriegsmaterial',	'Wassenaar',	'KM1',	'2008',	2075),
(455,	'LV',	'Kriegsmaterial',	'Wassenaar',	'KM7',	'2008',	53735),
(456,	'LT',	'Kriegsmaterial',	'Wassenaar',	'KM1',	'2008',	14550),
(457,	'LT',	'Kriegsmaterial',	'Wassenaar',	'KM3',	'2008',	22416),
(458,	'LU',	'Kriegsmaterial',	'Wassenaar',	'KM1',	'2008',	157071),
(459,	'LU',	'Kriegsmaterial',	'Wassenaar',	'KM3',	'2008',	574968),
(460,	'MT',	'Kriegsmaterial',	'Wassenaar',	'KM1',	'2008',	36359),
(461,	'MT',	'Kriegsmaterial',	'Wassenaar',	'KM3',	'2008',	26074),
(462,	'NL',	'Kriegsmaterial',	'Wassenaar',	'KM1',	'2008',	272065),
(463,	'NL',	'Kriegsmaterial',	'Wassenaar',	'KM2',	'2008',	5722501),
(464,	'NL',	'Kriegsmaterial',	'Wassenaar',	'KM3',	'2008',	24949184),
(465,	'NL',	'Kriegsmaterial',	'Wassenaar',	'KM4',	'2008',	1839778),
(466,	'NL',	'Kriegsmaterial',	'Wassenaar',	'KM6',	'2008',	6648128),
(467,	'NL',	'Kriegsmaterial',	'Wassenaar',	'KM8',	'2008',	28440),
(468,	'NL',	'Kriegsmaterial',	'Wassenaar',	'KM10',	'2008',	123327),
(469,	'NO',	'Kriegsmaterial',	'Wassenaar',	'KM1',	'2008',	37506),
(470,	'NO',	'Kriegsmaterial',	'Wassenaar',	'KM2',	'2008',	1829960),
(471,	'NO',	'Kriegsmaterial',	'Wassenaar',	'KM3',	'2008',	3959981),
(472,	'NO',	'Kriegsmaterial',	'Wassenaar',	'KM6',	'2008',	85165),
(473,	'NO',	'Kriegsmaterial',	'Wassenaar',	'KM8',	'2008',	1283842),
(474,	'NO',	'Kriegsmaterial',	'Wassenaar',	'KM16',	'2008',	6410),
(475,	'AT',	'Kriegsmaterial',	'Wassenaar',	'KM1',	'2008',	606678),
(476,	'AT',	'Kriegsmaterial',	'Wassenaar',	'KM2',	'2008',	65499),
(477,	'AT',	'Kriegsmaterial',	'Wassenaar',	'KM3',	'2008',	3428410),
(478,	'AT',	'Kriegsmaterial',	'Wassenaar',	'KM5',	'2008',	103164),
(479,	'AT',	'Kriegsmaterial',	'Wassenaar',	'KM6',	'2008',	60211),
(480,	'AT',	'Kriegsmaterial',	'Wassenaar',	'KM8',	'2008',	117740),
(481,	'PL',	'Kriegsmaterial',	'Wassenaar',	'KM1',	'2008',	457275),
(482,	'PL',	'Kriegsmaterial',	'Wassenaar',	'KM3',	'2008',	4221213),
(483,	'PT',	'Kriegsmaterial',	'Wassenaar',	'KM1',	'2008',	13835),
(484,	'RO',	'Kriegsmaterial',	'Wassenaar',	'KM1',	'2008',	315949),
(485,	'RO',	'Kriegsmaterial',	'Wassenaar',	'KM2',	'2008',	382032),
(486,	'RO',	'Kriegsmaterial',	'Wassenaar',	'KM3',	'2008',	194688),
(487,	'RO',	'Kriegsmaterial',	'Wassenaar',	'KM5',	'2008',	18000),
(488,	'RO',	'Kriegsmaterial',	'Wassenaar',	'KM6',	'2008',	37652489),
(489,	'RO',	'Kriegsmaterial',	'Wassenaar',	'KM10',	'2008',	206400),
(490,	'RU',	'Kriegsmaterial',	'Wassenaar',	'KM1',	'2008',	50406),
(491,	'SM',	'Kriegsmaterial',	'Wassenaar',	'KM1',	'2008',	7832),
(492,	'SE',	'Kriegsmaterial',	'Wassenaar',	'KM1',	'2008',	219051),
(493,	'SE',	'Kriegsmaterial',	'Wassenaar',	'KM2',	'2008',	508920),
(494,	'SE',	'Kriegsmaterial',	'Wassenaar',	'KM3',	'2008',	6535831),
(495,	'SE',	'Kriegsmaterial',	'Wassenaar',	'KM4',	'2008',	35900),
(496,	'SE',	'Kriegsmaterial',	'Wassenaar',	'KM5',	'2008',	3165230),
(497,	'SE',	'Kriegsmaterial',	'Wassenaar',	'KM6',	'2008',	1473483),
(498,	'SE',	'Kriegsmaterial',	'Wassenaar',	'KM8',	'2008',	613690),
(499,	'SE',	'Kriegsmaterial',	'Wassenaar',	'KM10',	'2008',	2199670),
(500,	'RS',	'Kriegsmaterial',	'Wassenaar',	'KM1',	'2008',	240),
(501,	'SK',	'Kriegsmaterial',	'Wassenaar',	'KM1',	'2008',	19915),
(502,	'SI',	'Kriegsmaterial',	'Wassenaar',	'KM1',	'2008',	1655),
(503,	'SI',	'Kriegsmaterial',	'Wassenaar',	'KM3',	'2008',	3695832),
(504,	'SI',	'Kriegsmaterial',	'Wassenaar',	'KM7',	'2008',	842),
(505,	'ES',	'Kriegsmaterial',	'Wassenaar',	'KM1',	'2008',	69850),
(506,	'ES',	'Kriegsmaterial',	'Wassenaar',	'KM2',	'2008',	4900175),
(507,	'ES',	'Kriegsmaterial',	'Wassenaar',	'KM3',	'2008',	1779727),
(508,	'ES',	'Kriegsmaterial',	'Wassenaar',	'KM5',	'2008',	10306367),
(509,	'ES',	'Kriegsmaterial',	'Wassenaar',	'KM6',	'2008',	338202),
(510,	'ES',	'Kriegsmaterial',	'Wassenaar',	'KM7',	'2008',	17930),
(511,	'ES',	'Kriegsmaterial',	'Wassenaar',	'KM16',	'2008',	19140),
(512,	'CZ',	'Kriegsmaterial',	'Wassenaar',	'KM1',	'2008',	152675),
(513,	'CZ',	'Kriegsmaterial',	'Wassenaar',	'KM3',	'2008',	185497),
(514,	'CZ',	'Kriegsmaterial',	'Wassenaar',	'KM8',	'2008',	232004),
(515,	'CZ',	'Kriegsmaterial',	'Wassenaar',	'KM10',	'2008',	845),
(516,	'TR',	'Kriegsmaterial',	'Wassenaar',	'KM1',	'2008',	66013),
(517,	'TR',	'Kriegsmaterial',	'Wassenaar',	'KM3',	'2008',	3869622),
(518,	'TR',	'Kriegsmaterial',	'Wassenaar',	'KM4',	'2008',	2640000),
(519,	'TR',	'Kriegsmaterial',	'Wassenaar',	'KM5',	'2008',	36000),
(520,	'UA',	'Kriegsmaterial',	'Wassenaar',	'KM1',	'2008',	359950),
(521,	'UA',	'Kriegsmaterial',	'Wassenaar',	'KM3',	'2008',	36057),
(522,	'CY',	'Kriegsmaterial',	'Wassenaar',	'KM5',	'2008',	238336),
(523,	'EG',	'Kriegsmaterial',	'Wassenaar',	'KM1',	'2008',	27960),
(524,	'EG',	'Kriegsmaterial',	'Wassenaar',	'KM2',	'2008',	3000),
(525,	'BW',	'Kriegsmaterial',	'Wassenaar',	'KM6',	'2008',	149055),
(526,	'GH',	'Kriegsmaterial',	'Wassenaar',	'KM1',	'2008',	838750),
(527,	'CM',	'Kriegsmaterial',	'Wassenaar',	'KM1',	'2008',	1180),
(528,	'KE',	'Kriegsmaterial',	'Wassenaar',	'KM1',	'2008',	125600),
(529,	'NE',	'Kriegsmaterial',	'Wassenaar',	'KM1',	'2008',	1582),
(530,	'ZA',	'Kriegsmaterial',	'Wassenaar',	'KM1',	'2008',	24911),
(531,	'ZA',	'Kriegsmaterial',	'Wassenaar',	'KM2',	'2008',	98783),
(532,	'ZA',	'Kriegsmaterial',	'Wassenaar',	'KM3',	'2008',	71868),
(533,	'ZA',	'Kriegsmaterial',	'Wassenaar',	'KM8',	'2008',	467896),
(534,	'TZ',	'Kriegsmaterial',	'Wassenaar',	'KM1',	'2008',	10100),
(535,	'TZ',	'Kriegsmaterial',	'Wassenaar',	'KM3',	'2008',	80),
(536,	'AR',	'Kriegsmaterial',	'Wassenaar',	'KM2',	'2008',	106818),
(537,	'BR',	'Kriegsmaterial',	'Wassenaar',	'KM5',	'2008',	559380),
(538,	'BR',	'Kriegsmaterial',	'Wassenaar',	'KM6',	'2008',	3452118),
(539,	'CL',	'Kriegsmaterial',	'Wassenaar',	'KM1',	'2008',	1830),
(540,	'CL',	'Kriegsmaterial',	'Wassenaar',	'KM6',	'2008',	493701),
(541,	'EC',	'Kriegsmaterial',	'Wassenaar',	'KM2',	'2008',	157796),
(542,	'CA',	'Kriegsmaterial',	'Wassenaar',	'KM1',	'2008',	489968),
(543,	'CA',	'Kriegsmaterial',	'Wassenaar',	'KM3',	'2008',	7638056),
(544,	'CA',	'Kriegsmaterial',	'Wassenaar',	'KM5',	'2008',	15832),
(545,	'CA',	'Kriegsmaterial',	'Wassenaar',	'KM6',	'2008',	451760),
(546,	'CA',	'Kriegsmaterial',	'Wassenaar',	'KM8',	'2008',	966031),
(547,	'CA',	'Kriegsmaterial',	'Wassenaar',	'KM10',	'2008',	316502),
(548,	'US',	'Kriegsmaterial',	'Wassenaar',	'KM1',	'2008',	1664866),
(549,	'US',	'Kriegsmaterial',	'Wassenaar',	'KM2',	'2008',	645253),
(550,	'US',	'Kriegsmaterial',	'Wassenaar',	'KM3',	'2008',	1805326),
(551,	'US',	'Kriegsmaterial',	'Wassenaar',	'KM4',	'2008',	1453448),
(552,	'US',	'Kriegsmaterial',	'Wassenaar',	'KM5',	'2008',	260000),
(553,	'US',	'Kriegsmaterial',	'Wassenaar',	'KM6',	'2008',	1050814),
(554,	'US',	'Kriegsmaterial',	'Wassenaar',	'KM8',	'2008',	216210),
(555,	'US',	'Kriegsmaterial',	'Wassenaar',	'KM10',	'2008',	21634637),
(556,	'US',	'Kriegsmaterial',	'Wassenaar',	'KM16',	'2008',	61377),
(557,	'AE',	'Kriegsmaterial',	'Wassenaar',	'KM1',	'2008',	735672),
(558,	'AE',	'Kriegsmaterial',	'Wassenaar',	'KM2',	'2008',	178475),
(559,	'AE',	'Kriegsmaterial',	'Wassenaar',	'KM3',	'2008',	279270),
(560,	'AE',	'Kriegsmaterial',	'Wassenaar',	'KM5',	'2008',	111392),
(561,	'BH',	'Kriegsmaterial',	'Wassenaar',	'KM1',	'2008',	750),
(562,	'BH',	'Kriegsmaterial',	'Wassenaar',	'KM3',	'2008',	1745500),
(563,	'BD',	'Kriegsmaterial',	'Wassenaar',	'KM1',	'2008',	60),
(564,	'HK',	'Kriegsmaterial',	'Wassenaar',	'KM1',	'2008',	3300),
(565,	'HK',	'Kriegsmaterial',	'Wassenaar',	'KM3',	'2008',	480),
(566,	'IN',	'Kriegsmaterial',	'Wassenaar',	'KM5',	'2008',	2686226),
(567,	'IL',	'Kriegsmaterial',	'Wassenaar',	'KM6',	'2008',	1711118),
(568,	'JP',	'Kriegsmaterial',	'Wassenaar',	'KM1',	'2008',	114480),
(569,	'JP',	'Kriegsmaterial',	'Wassenaar',	'KM3',	'2008',	182970),
(570,	'JO',	'Kriegsmaterial',	'Wassenaar',	'KM1',	'2008',	11095),
(571,	'JO',	'Kriegsmaterial',	'Wassenaar',	'KM3',	'2008',	31723),
(572,	'JO',	'Kriegsmaterial',	'Wassenaar',	'KM4',	'2008',	8400),
(573,	'JO',	'Kriegsmaterial',	'Wassenaar',	'KM6',	'2008',	1185000),
(574,	'QA',	'Kriegsmaterial',	'Wassenaar',	'KM1',	'2008',	76100),
(575,	'KR',	'Kriegsmaterial',	'Wassenaar',	'KM1',	'2008',	20448),
(576,	'KR',	'Kriegsmaterial',	'Wassenaar',	'KM2',	'2008',	1168323),
(577,	'KR',	'Kriegsmaterial',	'Wassenaar',	'KM4',	'2008',	144300),
(578,	'KR',	'Kriegsmaterial',	'Wassenaar',	'KM5',	'2008',	131047),
(579,	'KR',	'Kriegsmaterial',	'Wassenaar',	'KM8',	'2008',	2629764),
(580,	'KW',	'Kriegsmaterial',	'Wassenaar',	'KM1',	'2008',	67431),
(581,	'KW',	'Kriegsmaterial',	'Wassenaar',	'KM3',	'2008',	2982),
(582,	'LB',	'Kriegsmaterial',	'Wassenaar',	'KM1',	'2008',	118186),
(583,	'LB',	'Kriegsmaterial',	'Wassenaar',	'KM3',	'2008',	3000),
(584,	'MO',	'Kriegsmaterial',	'Wassenaar',	'KM1',	'2008',	13300),
(585,	'MY',	'Kriegsmaterial',	'Wassenaar',	'KM1',	'2008',	105228),
(586,	'MY',	'Kriegsmaterial',	'Wassenaar',	'KM2',	'2008',	24789),
(587,	'MY',	'Kriegsmaterial',	'Wassenaar',	'KM3',	'2008',	855),
(588,	'MY',	'Kriegsmaterial',	'Wassenaar',	'KM4',	'2008',	3759939),
(589,	'MY',	'Kriegsmaterial',	'Wassenaar',	'KM5',	'2008',	9111407),
(590,	'OM',	'Kriegsmaterial',	'Wassenaar',	'KM5',	'2008',	159284),
(591,	'PK',	'Kriegsmaterial',	'Wassenaar',	'KM1',	'2008',	2900),
(592,	'PK',	'Kriegsmaterial',	'Wassenaar',	'KM2',	'2008',	79806710),
(593,	'PK',	'Kriegsmaterial',	'Wassenaar',	'KM5',	'2008',	30035300),
(594,	'SA',	'Kriegsmaterial',	'Wassenaar',	'KM1',	'2008',	22740),
(595,	'SA',	'Kriegsmaterial',	'Wassenaar',	'KM2',	'2008',	16324800),
(596,	'SA',	'Kriegsmaterial',	'Wassenaar',	'KM3',	'2008',	40),
(597,	'SA',	'Kriegsmaterial',	'Wassenaar',	'KM5',	'2008',	15392430),
(598,	'SA',	'Kriegsmaterial',	'Wassenaar',	'KM6',	'2008',	368071),
(599,	'SG',	'Kriegsmaterial',	'Wassenaar',	'KM1',	'2008',	61230),
(600,	'SG',	'Kriegsmaterial',	'Wassenaar',	'KM2',	'2008',	62597),
(601,	'SG',	'Kriegsmaterial',	'Wassenaar',	'KM3',	'2008',	262064),
(602,	'SG',	'Kriegsmaterial',	'Wassenaar',	'KM5',	'2008',	583915),
(603,	'SG',	'Kriegsmaterial',	'Wassenaar',	'KM8',	'2008',	2090400),
(604,	'TH',	'Kriegsmaterial',	'Wassenaar',	'KM1',	'2008',	2400),
(605,	'AU',	'Kriegsmaterial',	'Wassenaar',	'KM1',	'2008',	13419),
(606,	'AU',	'Kriegsmaterial',	'Wassenaar',	'KM2',	'2008',	2830),
(607,	'AU',	'Kriegsmaterial',	'Wassenaar',	'KM3',	'2008',	5510211),
(608,	'NZ',	'Kriegsmaterial',	'Wassenaar',	'KM1',	'2008',	94481),
(609,	'BE',	'Kriegsmaterial',	'Wassenaar',	'KM1',	'2009',	571185),
(610,	'BE',	'Kriegsmaterial',	'Wassenaar',	'KM3',	'2009',	1920469),
(611,	'BE',	'Kriegsmaterial',	'Wassenaar',	'KM4',	'2009',	29450),
(612,	'BE',	'Kriegsmaterial',	'Wassenaar',	'KM6',	'2009',	56016288),
(613,	'BE',	'Kriegsmaterial',	'Wassenaar',	'KM8',	'2009',	905600),
(614,	'BE',	'Kriegsmaterial',	'Wassenaar',	'KM10',	'2009',	288599),
(615,	'BA',	'Kriegsmaterial',	'Wassenaar',	'KM1',	'2009',	64563),
(616,	'BG',	'Kriegsmaterial',	'Wassenaar',	'KM1',	'2009',	34821),
(617,	'BG',	'Kriegsmaterial',	'Wassenaar',	'KM3',	'2009',	117798),
(618,	'DK',	'Kriegsmaterial',	'Wassenaar',	'KM1',	'2009',	89447),
(619,	'DK',	'Kriegsmaterial',	'Wassenaar',	'KM2',	'2009',	259073),
(620,	'DK',	'Kriegsmaterial',	'Wassenaar',	'KM3',	'2009',	18953284),
(621,	'DK',	'Kriegsmaterial',	'Wassenaar',	'KM6',	'2009',	57658881),
(622,	'DK',	'Kriegsmaterial',	'Wassenaar',	'KM8',	'2009',	389146),
(623,	'DE',	'Kriegsmaterial',	'Wassenaar',	'KM1',	'2009',	5428103),
(624,	'DE',	'Kriegsmaterial',	'Wassenaar',	'KM2',	'2009',	7358543),
(625,	'DE',	'Kriegsmaterial',	'Wassenaar',	'KM3',	'2009',	26431080),
(626,	'DE',	'Kriegsmaterial',	'Wassenaar',	'KM4',	'2009',	233628),
(627,	'DE',	'Kriegsmaterial',	'Wassenaar',	'KM5',	'2009',	593696),
(628,	'DE',	'Kriegsmaterial',	'Wassenaar',	'KM6',	'2009',	92831359),
(629,	'DE',	'Kriegsmaterial',	'Wassenaar',	'KM7',	'2009',	6225),
(630,	'DE',	'Kriegsmaterial',	'Wassenaar',	'KM8',	'2009',	4722775),
(631,	'DE',	'Kriegsmaterial',	'Wassenaar',	'KM10',	'2009',	436689),
(632,	'DE',	'Kriegsmaterial',	'Wassenaar',	'KM16',	'2009',	197377),
(633,	'EE',	'Kriegsmaterial',	'Wassenaar',	'KM1',	'2009',	402917),
(634,	'EE',	'Kriegsmaterial',	'Wassenaar',	'KM3',	'2009',	7803),
(635,	'FI',	'Kriegsmaterial',	'Wassenaar',	'KM1',	'2009',	101250),
(636,	'FI',	'Kriegsmaterial',	'Wassenaar',	'KM2',	'2009',	1255522),
(637,	'FI',	'Kriegsmaterial',	'Wassenaar',	'KM3',	'2009',	15810),
(638,	'FI',	'Kriegsmaterial',	'Wassenaar',	'KM5',	'2009',	10746),
(639,	'FI',	'Kriegsmaterial',	'Wassenaar',	'KM10',	'2009',	934065),
(640,	'FR',	'Kriegsmaterial',	'Wassenaar',	'KM1',	'2009',	2293404),
(641,	'FR',	'Kriegsmaterial',	'Wassenaar',	'KM2',	'2009',	1735493),
(642,	'FR',	'Kriegsmaterial',	'Wassenaar',	'KM3',	'2009',	7886872),
(643,	'FR',	'Kriegsmaterial',	'Wassenaar',	'KM4',	'2009',	426831),
(644,	'FR',	'Kriegsmaterial',	'Wassenaar',	'KM5',	'2009',	774550),
(645,	'FR',	'Kriegsmaterial',	'Wassenaar',	'KM7',	'2009',	31),
(646,	'FR',	'Kriegsmaterial',	'Wassenaar',	'KM8',	'2009',	72538),
(647,	'FR',	'Kriegsmaterial',	'Wassenaar',	'KM10',	'2009',	1910035),
(648,	'FR',	'Kriegsmaterial',	'Wassenaar',	'KM16',	'2009',	270253),
(649,	'GR',	'Kriegsmaterial',	'Wassenaar',	'KM1',	'2009',	1700),
(650,	'GR',	'Kriegsmaterial',	'Wassenaar',	'KM2',	'2009',	1643022),
(651,	'GR',	'Kriegsmaterial',	'Wassenaar',	'KM5',	'2009',	2569204),
(652,	'GB',	'Kriegsmaterial',	'Wassenaar',	'KM1',	'2009',	186243),
(653,	'GB',	'Kriegsmaterial',	'Wassenaar',	'KM2',	'2009',	2056035),
(654,	'GB',	'Kriegsmaterial',	'Wassenaar',	'KM3',	'2009',	48661565),
(655,	'GB',	'Kriegsmaterial',	'Wassenaar',	'KM4',	'2009',	4133149),
(656,	'GB',	'Kriegsmaterial',	'Wassenaar',	'KM8',	'2009',	11978753),
(657,	'GB',	'Kriegsmaterial',	'Wassenaar',	'KM10',	'2009',	2255664),
(658,	'VA',	'Kriegsmaterial',	'Wassenaar',	'KM3',	'2009',	3800),
(659,	'IE',	'Kriegsmaterial',	'Wassenaar',	'KM1',	'2009',	4593),
(660,	'IE',	'Kriegsmaterial',	'Wassenaar',	'KM3',	'2009',	5267428),
(661,	'IE',	'Kriegsmaterial',	'Wassenaar',	'KM4',	'2009',	1672829),
(662,	'IE',	'Kriegsmaterial',	'Wassenaar',	'KM6',	'2009',	2792660),
(663,	'IT',	'Kriegsmaterial',	'Wassenaar',	'KM1',	'2009',	1141153),
(664,	'IT',	'Kriegsmaterial',	'Wassenaar',	'KM2',	'2009',	665987),
(665,	'IT',	'Kriegsmaterial',	'Wassenaar',	'KM3',	'2009',	2563986),
(666,	'IT',	'Kriegsmaterial',	'Wassenaar',	'KM5',	'2009',	7292970),
(667,	'IT',	'Kriegsmaterial',	'Wassenaar',	'KM8',	'2009',	596886),
(668,	'IT',	'Kriegsmaterial',	'Wassenaar',	'KM16',	'2009',	131045),
(669,	'XK',	'Kriegsmaterial',	'Wassenaar',	'KM3',	'2009',	68418),
(670,	'HR',	'Kriegsmaterial',	'Wassenaar',	'KM1',	'2009',	3243),
(671,	'LV',	'Kriegsmaterial',	'Wassenaar',	'KM1',	'2009',	43972),
(672,	'LV',	'Kriegsmaterial',	'Wassenaar',	'KM3',	'2009',	43800),
(673,	'LT',	'Kriegsmaterial',	'Wassenaar',	'KM1',	'2009',	3450),
(674,	'LU',	'Kriegsmaterial',	'Wassenaar',	'KM1',	'2009',	123474),
(675,	'LU',	'Kriegsmaterial',	'Wassenaar',	'KM3',	'2009',	248099),
(676,	'MT',	'Kriegsmaterial',	'Wassenaar',	'KM1',	'2009',	54040),
(677,	'MT',	'Kriegsmaterial',	'Wassenaar',	'KM3',	'2009',	2782),
(678,	'ME',	'Kriegsmaterial',	'Wassenaar',	'KM1',	'2009',	12356),
(679,	'NL',	'Kriegsmaterial',	'Wassenaar',	'KM1',	'2009',	1804539),
(680,	'NL',	'Kriegsmaterial',	'Wassenaar',	'KM2',	'2009',	3287160),
(681,	'NL',	'Kriegsmaterial',	'Wassenaar',	'KM3',	'2009',	12448260),
(682,	'NL',	'Kriegsmaterial',	'Wassenaar',	'KM4',	'2009',	1734145),
(683,	'NL',	'Kriegsmaterial',	'Wassenaar',	'KM5',	'2009',	276361),
(684,	'NL',	'Kriegsmaterial',	'Wassenaar',	'KM6',	'2009',	1127251),
(685,	'NL',	'Kriegsmaterial',	'Wassenaar',	'KM8',	'2009',	10),
(686,	'NL',	'Kriegsmaterial',	'Wassenaar',	'KM10',	'2009',	77839),
(687,	'NO',	'Kriegsmaterial',	'Wassenaar',	'KM1',	'2009',	102931),
(688,	'NO',	'Kriegsmaterial',	'Wassenaar',	'KM2',	'2009',	4790854),
(689,	'NO',	'Kriegsmaterial',	'Wassenaar',	'KM3',	'2009',	1486178),
(690,	'NO',	'Kriegsmaterial',	'Wassenaar',	'KM4',	'2009',	16128),
(691,	'NO',	'Kriegsmaterial',	'Wassenaar',	'KM6',	'2009',	14683),
(692,	'NO',	'Kriegsmaterial',	'Wassenaar',	'KM8',	'2009',	599585),
(693,	'AT',	'Kriegsmaterial',	'Wassenaar',	'KM1',	'2009',	123711),
(694,	'AT',	'Kriegsmaterial',	'Wassenaar',	'KM2',	'2009',	657949),
(695,	'AT',	'Kriegsmaterial',	'Wassenaar',	'KM3',	'2009',	5640924),
(696,	'AT',	'Kriegsmaterial',	'Wassenaar',	'KM5',	'2009',	44290),
(697,	'AT',	'Kriegsmaterial',	'Wassenaar',	'KM6',	'2009',	4262),
(698,	'AT',	'Kriegsmaterial',	'Wassenaar',	'KM8',	'2009',	2228),
(699,	'PL',	'Kriegsmaterial',	'Wassenaar',	'KM1',	'2009',	116002),
(700,	'PL',	'Kriegsmaterial',	'Wassenaar',	'KM3',	'2009',	47252),
(701,	'PT',	'Kriegsmaterial',	'Wassenaar',	'KM1',	'2009',	63170),
(702,	'RO',	'Kriegsmaterial',	'Wassenaar',	'KM1',	'2009',	15348),
(703,	'RO',	'Kriegsmaterial',	'Wassenaar',	'KM2',	'2009',	10500),
(704,	'RO',	'Kriegsmaterial',	'Wassenaar',	'KM3',	'2009',	466503),
(705,	'RO',	'Kriegsmaterial',	'Wassenaar',	'KM6',	'2009',	4589),
(706,	'SM',	'Kriegsmaterial',	'Wassenaar',	'KM1',	'2009',	47007),
(707,	'SE',	'Kriegsmaterial',	'Wassenaar',	'KM1',	'2009',	321758),
(708,	'SE',	'Kriegsmaterial',	'Wassenaar',	'KM2',	'2009',	729960),
(709,	'SE',	'Kriegsmaterial',	'Wassenaar',	'KM3',	'2009',	11056083),
(710,	'SE',	'Kriegsmaterial',	'Wassenaar',	'KM4',	'2009',	160960),
(711,	'SE',	'Kriegsmaterial',	'Wassenaar',	'KM5',	'2009',	687618),
(712,	'SE',	'Kriegsmaterial',	'Wassenaar',	'KM6',	'2009',	242241),
(713,	'SE',	'Kriegsmaterial',	'Wassenaar',	'KM8',	'2009',	794455),
(714,	'SE',	'Kriegsmaterial',	'Wassenaar',	'KM10',	'2009',	1816442),
(715,	'SE',	'Kriegsmaterial',	'Wassenaar',	'KM16',	'2009',	104368),
(716,	'RS',	'Kriegsmaterial',	'Wassenaar',	'KM1',	'2009',	225),
(717,	'SK',	'Kriegsmaterial',	'Wassenaar',	'KM1',	'2009',	14511),
(718,	'SK',	'Kriegsmaterial',	'Wassenaar',	'KM3',	'2009',	928),
(719,	'SI',	'Kriegsmaterial',	'Wassenaar',	'KM1',	'2009',	21144),
(720,	'SI',	'Kriegsmaterial',	'Wassenaar',	'KM2',	'2009',	224235),
(721,	'SI',	'Kriegsmaterial',	'Wassenaar',	'KM3',	'2009',	4846050),
(722,	'ES',	'Kriegsmaterial',	'Wassenaar',	'KM1',	'2009',	19431),
(723,	'ES',	'Kriegsmaterial',	'Wassenaar',	'KM2',	'2009',	936787),
(724,	'ES',	'Kriegsmaterial',	'Wassenaar',	'KM3',	'2009',	353377),
(725,	'ES',	'Kriegsmaterial',	'Wassenaar',	'KM5',	'2009',	2226560),
(726,	'ES',	'Kriegsmaterial',	'Wassenaar',	'KM6',	'2009',	12640753),
(727,	'ES',	'Kriegsmaterial',	'Wassenaar',	'KM16',	'2009',	23584),
(728,	'CZ',	'Kriegsmaterial',	'Wassenaar',	'KM1',	'2009',	289413),
(729,	'CZ',	'Kriegsmaterial',	'Wassenaar',	'KM3',	'2009',	102551),
(730,	'CZ',	'Kriegsmaterial',	'Wassenaar',	'KM8',	'2009',	330407),
(731,	'TR',	'Kriegsmaterial',	'Wassenaar',	'KM1',	'2009',	53411),
(732,	'TR',	'Kriegsmaterial',	'Wassenaar',	'KM5',	'2009',	13668),
(733,	'UA',	'Kriegsmaterial',	'Wassenaar',	'KM1',	'2009',	527636),
(734,	'UA',	'Kriegsmaterial',	'Wassenaar',	'KM3',	'2009',	15490),
(735,	'UA',	'Kriegsmaterial',	'Wassenaar',	'KM10',	'2009',	65741),
(736,	'HU',	'Kriegsmaterial',	'Wassenaar',	'KM1',	'2009',	982),
(737,	'HU',	'Kriegsmaterial',	'Wassenaar',	'KM3',	'2009',	66735),
(738,	'CY',	'Kriegsmaterial',	'Wassenaar',	'KM5',	'2009',	86534),
(739,	'EG',	'Kriegsmaterial',	'Wassenaar',	'KM1',	'2009',	399889),
(740,	'DZ',	'Kriegsmaterial',	'Wassenaar',	'KM3',	'2009',	985000),
(741,	'BW',	'Kriegsmaterial',	'Wassenaar',	'KM6',	'2009',	1360028),
(742,	'GA',	'Kriegsmaterial',	'Wassenaar',	'KM1',	'2009',	2595),
(743,	'GN',	'Kriegsmaterial',	'Wassenaar',	'KM1',	'2009',	6200),
(744,	'ML',	'Kriegsmaterial',	'Wassenaar',	'KM1',	'2009',	850),
(745,	'ML',	'Kriegsmaterial',	'Wassenaar',	'KM3',	'2009',	46),
(746,	'NE',	'Kriegsmaterial',	'Wassenaar',	'KM1',	'2009',	5214),
(747,	'ZA',	'Kriegsmaterial',	'Wassenaar',	'KM1',	'2009',	1692),
(748,	'ZA',	'Kriegsmaterial',	'Wassenaar',	'KM2',	'2009',	515700),
(749,	'ZA',	'Kriegsmaterial',	'Wassenaar',	'KM3',	'2009',	1151230),
(750,	'ZA',	'Kriegsmaterial',	'Wassenaar',	'KM5',	'2009',	14474),
(751,	'ZA',	'Kriegsmaterial',	'Wassenaar',	'KM8',	'2009',	528678),
(752,	'BR',	'Kriegsmaterial',	'Wassenaar',	'KM1',	'2009',	2385),
(753,	'BR',	'Kriegsmaterial',	'Wassenaar',	'KM5',	'2009',	520540),
(754,	'BR',	'Kriegsmaterial',	'Wassenaar',	'KM6',	'2009',	10139191),
(755,	'CL',	'Kriegsmaterial',	'Wassenaar',	'KM1',	'2009',	756962),
(756,	'CL',	'Kriegsmaterial',	'Wassenaar',	'KM2',	'2009',	733101),
(757,	'CL',	'Kriegsmaterial',	'Wassenaar',	'KM3',	'2009',	66),
(758,	'CL',	'Kriegsmaterial',	'Wassenaar',	'KM5',	'2009',	13631814),
(759,	'CL',	'Kriegsmaterial',	'Wassenaar',	'KM6',	'2009',	119852),
(760,	'EC',	'Kriegsmaterial',	'Wassenaar',	'KM3',	'2009',	946250),
(761,	'CA',	'Kriegsmaterial',	'Wassenaar',	'KM1',	'2009',	778611),
(762,	'CA',	'Kriegsmaterial',	'Wassenaar',	'KM3',	'2009',	5000846),
(763,	'CA',	'Kriegsmaterial',	'Wassenaar',	'KM5',	'2009',	2000),
(764,	'CA',	'Kriegsmaterial',	'Wassenaar',	'KM6',	'2009',	4147768),
(765,	'CA',	'Kriegsmaterial',	'Wassenaar',	'KM10',	'2009',	216223),
(766,	'PA',	'Kriegsmaterial',	'Wassenaar',	'KM1',	'2009',	3000),
(767,	'TT',	'Kriegsmaterial',	'Wassenaar',	'KM1',	'2009',	6900),
(768,	'US',	'Kriegsmaterial',	'Wassenaar',	'KM1',	'2009',	2194386),
(769,	'US',	'Kriegsmaterial',	'Wassenaar',	'KM2',	'2009',	122237),
(770,	'US',	'Kriegsmaterial',	'Wassenaar',	'KM3',	'2009',	5281893),
(771,	'US',	'Kriegsmaterial',	'Wassenaar',	'KM4',	'2009',	1168565),
(772,	'US',	'Kriegsmaterial',	'Wassenaar',	'KM5',	'2009',	320000),
(773,	'US',	'Kriegsmaterial',	'Wassenaar',	'KM6',	'2009',	193683),
(774,	'US',	'Kriegsmaterial',	'Wassenaar',	'KM8',	'2009',	550855),
(775,	'US',	'Kriegsmaterial',	'Wassenaar',	'KM10',	'2009',	26534827),
(776,	'US',	'Kriegsmaterial',	'Wassenaar',	'KM16',	'2009',	20375),
(777,	'AE',	'Kriegsmaterial',	'Wassenaar',	'KM1',	'2009',	651753),
(778,	'AE',	'Kriegsmaterial',	'Wassenaar',	'KM2',	'2009',	252873),
(779,	'AE',	'Kriegsmaterial',	'Wassenaar',	'KM3',	'2009',	3031668),
(780,	'AE',	'Kriegsmaterial',	'Wassenaar',	'KM5',	'2009',	50600),
(781,	'BH',	'Kriegsmaterial',	'Wassenaar',	'KM1',	'2009',	131000),
(782,	'BH',	'Kriegsmaterial',	'Wassenaar',	'KM2',	'2009',	84575),
(783,	'BH',	'Kriegsmaterial',	'Wassenaar',	'KM3',	'2009',	14800),
(784,	'BH',	'Kriegsmaterial',	'Wassenaar',	'KM5',	'2009',	12282568),
(785,	'BN',	'Kriegsmaterial',	'Wassenaar',	'KM1',	'2009',	179515),
(786,	'HK',	'Kriegsmaterial',	'Wassenaar',	'KM1',	'2009',	40176),
(787,	'HK',	'Kriegsmaterial',	'Wassenaar',	'KM3',	'2009',	26177),
(788,	'ID',	'Kriegsmaterial',	'Wassenaar',	'KM1',	'2009',	286880),
(789,	'IN',	'Kriegsmaterial',	'Wassenaar',	'KM1',	'2009',	890883),
(790,	'IN',	'Kriegsmaterial',	'Wassenaar',	'KM2',	'2009',	410),
(791,	'IN',	'Kriegsmaterial',	'Wassenaar',	'KM5',	'2009',	3221038),
(792,	'IN',	'Kriegsmaterial',	'Wassenaar',	'KM10',	'2009',	101481),
(793,	'IL',	'Kriegsmaterial',	'Wassenaar',	'KM6',	'2009',	100638),
(794,	'JP',	'Kriegsmaterial',	'Wassenaar',	'KM2',	'2009',	20424),
(795,	'JP',	'Kriegsmaterial',	'Wassenaar',	'KM3',	'2009',	167707),
(796,	'QA',	'Kriegsmaterial',	'Wassenaar',	'KM1',	'2009',	715155),
(797,	'QA',	'Kriegsmaterial',	'Wassenaar',	'KM3',	'2009',	1846447),
(798,	'KR',	'Kriegsmaterial',	'Wassenaar',	'KM1',	'2009',	15276),
(799,	'KR',	'Kriegsmaterial',	'Wassenaar',	'KM2',	'2009',	436706),
(800,	'KR',	'Kriegsmaterial',	'Wassenaar',	'KM4',	'2009',	1702993),
(801,	'KW',	'Kriegsmaterial',	'Wassenaar',	'KM1',	'2009',	347615),
(802,	'KW',	'Kriegsmaterial',	'Wassenaar',	'KM3',	'2009',	5440),
(803,	'MO',	'Kriegsmaterial',	'Wassenaar',	'KM1',	'2009',	218887),
(804,	'MO',	'Kriegsmaterial',	'Wassenaar',	'KM3',	'2009',	2987),
(805,	'MY',	'Kriegsmaterial',	'Wassenaar',	'KM1',	'2009',	161504),
(806,	'MY',	'Kriegsmaterial',	'Wassenaar',	'KM2',	'2009',	622922),
(807,	'MY',	'Kriegsmaterial',	'Wassenaar',	'KM3',	'2009',	866134),
(808,	'MY',	'Kriegsmaterial',	'Wassenaar',	'KM4',	'2009',	4986288),
(809,	'MY',	'Kriegsmaterial',	'Wassenaar',	'KM5',	'2009',	7956876),
(810,	'OM',	'Kriegsmaterial',	'Wassenaar',	'KM2',	'2009',	25573),
(811,	'OM',	'Kriegsmaterial',	'Wassenaar',	'KM3',	'2009',	450841),
(812,	'OM',	'Kriegsmaterial',	'Wassenaar',	'KM5',	'2009',	64984),
(813,	'PK',	'Kriegsmaterial',	'Wassenaar',	'KM1',	'2009',	2060),
(814,	'PK',	'Kriegsmaterial',	'Wassenaar',	'KM2',	'2009',	631286),
(815,	'PK',	'Kriegsmaterial',	'Wassenaar',	'KM5',	'2009',	866389),
(816,	'SA',	'Kriegsmaterial',	'Wassenaar',	'KM1',	'2009',	221748),
(817,	'SA',	'Kriegsmaterial',	'Wassenaar',	'KM2',	'2009',	64967150),
(818,	'SA',	'Kriegsmaterial',	'Wassenaar',	'KM3',	'2009',	3445000),
(819,	'SA',	'Kriegsmaterial',	'Wassenaar',	'KM5',	'2009',	62675385),
(820,	'SA',	'Kriegsmaterial',	'Wassenaar',	'KM6',	'2009',	284988),
(821,	'SG',	'Kriegsmaterial',	'Wassenaar',	'KM1',	'2009',	131792),
(822,	'SG',	'Kriegsmaterial',	'Wassenaar',	'KM2',	'2009',	1288343),
(823,	'SG',	'Kriegsmaterial',	'Wassenaar',	'KM3',	'2009',	2643437),
(824,	'SG',	'Kriegsmaterial',	'Wassenaar',	'KM5',	'2009',	295650),
(825,	'SG',	'Kriegsmaterial',	'Wassenaar',	'KM7',	'2009',	60820),
(826,	'SG',	'Kriegsmaterial',	'Wassenaar',	'KM10',	'2009',	4144780),
(827,	'SR',	'Kriegsmaterial',	'Wassenaar',	'KM1',	'2009',	2175),
(828,	'TH',	'Kriegsmaterial',	'Wassenaar',	'KM1',	'2009',	18600),
(829,	'TH',	'Kriegsmaterial',	'Wassenaar',	'KM5',	'2009',	130546),
(830,	'TM',	'Kriegsmaterial',	'Wassenaar',	'KM1',	'2009',	10000),
(831,	'AU',	'Kriegsmaterial',	'Wassenaar',	'KM1',	'2009',	28182),
(832,	'AU',	'Kriegsmaterial',	'Wassenaar',	'KM2',	'2009',	1778097),
(833,	'NZ',	'Kriegsmaterial',	'Wassenaar',	'KM1',	'2009',	128440),
(834,	'BE',	'Kriegsmaterial',	'Wassenaar',	'KM1',	'2010',	352833),
(835,	'BE',	'Kriegsmaterial',	'Wassenaar',	'KM2',	'2010',	14555),
(836,	'BE',	'Kriegsmaterial',	'Wassenaar',	'KM3',	'2010',	1685472),
(837,	'BE',	'Kriegsmaterial',	'Wassenaar',	'KM6',	'2010',	42641758),
(838,	'BE',	'Kriegsmaterial',	'Wassenaar',	'KM8',	'2010',	100967),
(839,	'BA',	'Kriegsmaterial',	'Wassenaar',	'KM1',	'2010',	30601),
(840,	'BA',	'Kriegsmaterial',	'Wassenaar',	'KM2',	'2010',	2200),
(841,	'BG',	'Kriegsmaterial',	'Wassenaar',	'KM8',	'2010',	159417),
(842,	'DK',	'Kriegsmaterial',	'Wassenaar',	'KM1',	'2010',	23960),
(843,	'DK',	'Kriegsmaterial',	'Wassenaar',	'KM2',	'2010',	577496),
(844,	'DK',	'Kriegsmaterial',	'Wassenaar',	'KM3',	'2010',	14472405),
(845,	'DK',	'Kriegsmaterial',	'Wassenaar',	'KM5',	'2010',	100666),
(846,	'DK',	'Kriegsmaterial',	'Wassenaar',	'KM6',	'2010',	1284237),
(847,	'DK',	'Kriegsmaterial',	'Wassenaar',	'KM8',	'2010',	1598500),
(848,	'DE',	'Kriegsmaterial',	'Wassenaar',	'KM1',	'2010',	4898236),
(849,	'DE',	'Kriegsmaterial',	'Wassenaar',	'KM2',	'2010',	4352813),
(850,	'DE',	'Kriegsmaterial',	'Wassenaar',	'KM3',	'2010',	33999047),
(851,	'DE',	'Kriegsmaterial',	'Wassenaar',	'KM4',	'2010',	213665),
(852,	'DE',	'Kriegsmaterial',	'Wassenaar',	'KM5',	'2010',	594048),
(853,	'DE',	'Kriegsmaterial',	'Wassenaar',	'KM6',	'2010',	86102920),
(854,	'DE',	'Kriegsmaterial',	'Wassenaar',	'KM7',	'2010',	10526),
(855,	'DE',	'Kriegsmaterial',	'Wassenaar',	'KM8',	'2010',	3592802),
(856,	'DE',	'Kriegsmaterial',	'Wassenaar',	'KM10',	'2010',	422290),
(857,	'DE',	'Kriegsmaterial',	'Wassenaar',	'KM16',	'2010',	107904),
(858,	'EE',	'Kriegsmaterial',	'Wassenaar',	'KM1',	'2010',	79021),
(859,	'EE',	'Kriegsmaterial',	'Wassenaar',	'KM3',	'2010',	27),
(860,	'FI',	'Kriegsmaterial',	'Wassenaar',	'KM1',	'2010',	78759),
(861,	'FI',	'Kriegsmaterial',	'Wassenaar',	'KM2',	'2010',	14882),
(862,	'FI',	'Kriegsmaterial',	'Wassenaar',	'KM6',	'2010',	775814),
(863,	'FI',	'Kriegsmaterial',	'Wassenaar',	'KM10',	'2010',	2104282),
(864,	'FR',	'Kriegsmaterial',	'Wassenaar',	'KM1',	'2010',	2106843),
(865,	'FR',	'Kriegsmaterial',	'Wassenaar',	'KM2',	'2010',	3075576),
(866,	'FR',	'Kriegsmaterial',	'Wassenaar',	'KM3',	'2010',	9793761),
(867,	'FR',	'Kriegsmaterial',	'Wassenaar',	'KM4',	'2010',	111108),
(868,	'FR',	'Kriegsmaterial',	'Wassenaar',	'KM5',	'2010',	121116),
(869,	'FR',	'Kriegsmaterial',	'Wassenaar',	'KM8',	'2010',	463460),
(870,	'FR',	'Kriegsmaterial',	'Wassenaar',	'KM10',	'2010',	1868776),
(871,	'FR',	'Kriegsmaterial',	'Wassenaar',	'KM16',	'2010',	131121),
(872,	'GR',	'Kriegsmaterial',	'Wassenaar',	'KM1',	'2010',	70946),
(873,	'GR',	'Kriegsmaterial',	'Wassenaar',	'KM2',	'2010',	734738),
(874,	'GR',	'Kriegsmaterial',	'Wassenaar',	'KM5',	'2010',	2786904),
(875,	'GB',	'Kriegsmaterial',	'Wassenaar',	'KM1',	'2010',	511187),
(876,	'GB',	'Kriegsmaterial',	'Wassenaar',	'KM2',	'2010',	1268281),
(877,	'GB',	'Kriegsmaterial',	'Wassenaar',	'KM3',	'2010',	33572064),
(878,	'GB',	'Kriegsmaterial',	'Wassenaar',	'KM4',	'2010',	4387248),
(879,	'GB',	'Kriegsmaterial',	'Wassenaar',	'KM5',	'2010',	563622),
(880,	'GB',	'Kriegsmaterial',	'Wassenaar',	'KM8',	'2010',	9730081),
(881,	'GB',	'Kriegsmaterial',	'Wassenaar',	'KM10',	'2010',	1086812),
(882,	'IE',	'Kriegsmaterial',	'Wassenaar',	'KM1',	'2010',	40808),
(883,	'IE',	'Kriegsmaterial',	'Wassenaar',	'KM6',	'2010',	7229),
(884,	'IS',	'Kriegsmaterial',	'Wassenaar',	'KM1',	'2010',	2600),
(885,	'IT',	'Kriegsmaterial',	'Wassenaar',	'KM1',	'2010',	1188817),
(886,	'IT',	'Kriegsmaterial',	'Wassenaar',	'KM2',	'2010',	222591),
(887,	'IT',	'Kriegsmaterial',	'Wassenaar',	'KM3',	'2010',	15802275),
(888,	'IT',	'Kriegsmaterial',	'Wassenaar',	'KM5',	'2010',	7255611),
(889,	'IT',	'Kriegsmaterial',	'Wassenaar',	'KM8',	'2010',	761376),
(890,	'IT',	'Kriegsmaterial',	'Wassenaar',	'KM16',	'2010',	87055),
(891,	'XK',	'Kriegsmaterial',	'Wassenaar',	'KM3',	'2010',	13118),
(892,	'HR',	'Kriegsmaterial',	'Wassenaar',	'KM1',	'2010',	40206),
(893,	'LT',	'Kriegsmaterial',	'Wassenaar',	'KM1',	'2010',	9487),
(894,	'LT',	'Kriegsmaterial',	'Wassenaar',	'KM3',	'2010',	4884),
(895,	'LU',	'Kriegsmaterial',	'Wassenaar',	'KM1',	'2010',	135346),
(896,	'LU',	'Kriegsmaterial',	'Wassenaar',	'KM3',	'2010',	406890),
(897,	'MT',	'Kriegsmaterial',	'Wassenaar',	'KM1',	'2010',	7425),
(898,	'NL',	'Kriegsmaterial',	'Wassenaar',	'KM1',	'2010',	1669284),
(899,	'NL',	'Kriegsmaterial',	'Wassenaar',	'KM2',	'2010',	5005260),
(900,	'NL',	'Kriegsmaterial',	'Wassenaar',	'KM3',	'2010',	1838697),
(901,	'NL',	'Kriegsmaterial',	'Wassenaar',	'KM5',	'2010',	93670),
(902,	'NL',	'Kriegsmaterial',	'Wassenaar',	'KM6',	'2010',	6882045),
(903,	'NL',	'Kriegsmaterial',	'Wassenaar',	'KM8',	'2010',	43379),
(904,	'NO',	'Kriegsmaterial',	'Wassenaar',	'KM1',	'2010',	379698),
(905,	'NO',	'Kriegsmaterial',	'Wassenaar',	'KM2',	'2010',	1573872),
(906,	'NO',	'Kriegsmaterial',	'Wassenaar',	'KM3',	'2010',	4098859),
(907,	'NO',	'Kriegsmaterial',	'Wassenaar',	'KM4',	'2010',	113025),
(908,	'NO',	'Kriegsmaterial',	'Wassenaar',	'KM6',	'2010',	510027),
(909,	'NO',	'Kriegsmaterial',	'Wassenaar',	'KM7',	'2010',	166),
(910,	'NO',	'Kriegsmaterial',	'Wassenaar',	'KM8',	'2010',	630951),
(911,	'AT',	'Kriegsmaterial',	'Wassenaar',	'KM1',	'2010',	396396),
(912,	'AT',	'Kriegsmaterial',	'Wassenaar',	'KM2',	'2010',	86320),
(913,	'AT',	'Kriegsmaterial',	'Wassenaar',	'KM3',	'2010',	4953761),
(914,	'AT',	'Kriegsmaterial',	'Wassenaar',	'KM5',	'2010',	856661),
(915,	'AT',	'Kriegsmaterial',	'Wassenaar',	'KM6',	'2010',	51656),
(916,	'PL',	'Kriegsmaterial',	'Wassenaar',	'KM1',	'2010',	292643),
(917,	'PL',	'Kriegsmaterial',	'Wassenaar',	'KM3',	'2010',	395198),
(918,	'PL',	'Kriegsmaterial',	'Wassenaar',	'KM8',	'2010',	5616),
(919,	'PT',	'Kriegsmaterial',	'Wassenaar',	'KM2',	'2010',	34401),
(920,	'RO',	'Kriegsmaterial',	'Wassenaar',	'KM1',	'2010',	90170),
(921,	'RO',	'Kriegsmaterial',	'Wassenaar',	'KM2',	'2010',	17420),
(922,	'RO',	'Kriegsmaterial',	'Wassenaar',	'KM3',	'2010',	25143),
(923,	'RO',	'Kriegsmaterial',	'Wassenaar',	'KM6',	'2010',	62250),
(924,	'RU',	'Kriegsmaterial',	'Wassenaar',	'KM3',	'2010',	512063),
(925,	'SE',	'Kriegsmaterial',	'Wassenaar',	'KM1',	'2010',	1137927),
(926,	'SE',	'Kriegsmaterial',	'Wassenaar',	'KM2',	'2010',	528070),
(927,	'SE',	'Kriegsmaterial',	'Wassenaar',	'KM3',	'2010',	14476029),
(928,	'SE',	'Kriegsmaterial',	'Wassenaar',	'KM5',	'2010',	1274162),
(929,	'SE',	'Kriegsmaterial',	'Wassenaar',	'KM6',	'2010',	1057698),
(930,	'SE',	'Kriegsmaterial',	'Wassenaar',	'KM8',	'2010',	742390),
(931,	'SE',	'Kriegsmaterial',	'Wassenaar',	'KM10',	'2010',	1601436),
(932,	'RS',	'Kriegsmaterial',	'Wassenaar',	'KM1',	'2010',	3111),
(933,	'SI',	'Kriegsmaterial',	'Wassenaar',	'KM1',	'2010',	38262),
(934,	'SI',	'Kriegsmaterial',	'Wassenaar',	'KM2',	'2010',	5924),
(935,	'SI',	'Kriegsmaterial',	'Wassenaar',	'KM3',	'2010',	3762),
(936,	'ES',	'Kriegsmaterial',	'Wassenaar',	'KM1',	'2010',	79657),
(937,	'ES',	'Kriegsmaterial',	'Wassenaar',	'KM2',	'2010',	15338267),
(938,	'ES',	'Kriegsmaterial',	'Wassenaar',	'KM3',	'2010',	2181220),
(939,	'ES',	'Kriegsmaterial',	'Wassenaar',	'KM5',	'2010',	1271536),
(940,	'ES',	'Kriegsmaterial',	'Wassenaar',	'KM6',	'2010',	13739648),
(941,	'ES',	'Kriegsmaterial',	'Wassenaar',	'KM8',	'2010',	639),
(942,	'ES',	'Kriegsmaterial',	'Wassenaar',	'KM10',	'2010',	16851),
(943,	'CZ',	'Kriegsmaterial',	'Wassenaar',	'KM1',	'2010',	68887),
(944,	'CZ',	'Kriegsmaterial',	'Wassenaar',	'KM3',	'2010',	15003),
(945,	'CZ',	'Kriegsmaterial',	'Wassenaar',	'KM8',	'2010',	762831),
(946,	'TR',	'Kriegsmaterial',	'Wassenaar',	'KM1',	'2010',	84724),
(947,	'TR',	'Kriegsmaterial',	'Wassenaar',	'KM2',	'2010',	1048805),
(948,	'TR',	'Kriegsmaterial',	'Wassenaar',	'KM3',	'2010',	8042305),
(949,	'TR',	'Kriegsmaterial',	'Wassenaar',	'KM5',	'2010',	179532),
(950,	'TR',	'Kriegsmaterial',	'Wassenaar',	'KM8',	'2010',	330),
(951,	'UA',	'Kriegsmaterial',	'Wassenaar',	'KM1',	'2010',	310467),
(952,	'UA',	'Kriegsmaterial',	'Wassenaar',	'KM3',	'2010',	10927),
(953,	'HU',	'Kriegsmaterial',	'Wassenaar',	'KM1',	'2010',	2937),
(954,	'HU',	'Kriegsmaterial',	'Wassenaar',	'KM3',	'2010',	121688),
(955,	'CY',	'Kriegsmaterial',	'Wassenaar',	'KM1',	'2010',	476),
(956,	'CY',	'Kriegsmaterial',	'Wassenaar',	'KM5',	'2010',	22394),
(957,	'EG',	'Kriegsmaterial',	'Wassenaar',	'KM1',	'2010',	69488),
(958,	'BW',	'Kriegsmaterial',	'Wassenaar',	'KM6',	'2010',	362506),
(959,	'CM',	'Kriegsmaterial',	'Wassenaar',	'KM1',	'2010',	1110),
(960,	'ZA',	'Kriegsmaterial',	'Wassenaar',	'KM1',	'2010',	27120),
(961,	'ZA',	'Kriegsmaterial',	'Wassenaar',	'KM2',	'2010',	316930),
(962,	'ZA',	'Kriegsmaterial',	'Wassenaar',	'KM3',	'2010',	1392379),
(963,	'ZA',	'Kriegsmaterial',	'Wassenaar',	'KM5',	'2010',	48058),
(964,	'ZA',	'Kriegsmaterial',	'Wassenaar',	'KM8',	'2010',	121918),
(965,	'AR',	'Kriegsmaterial',	'Wassenaar',	'KM2',	'2010',	502619),
(966,	'AR',	'Kriegsmaterial',	'Wassenaar',	'KM5',	'2010',	222412),
(967,	'BR',	'Kriegsmaterial',	'Wassenaar',	'KM2',	'2010',	352695),
(968,	'BR',	'Kriegsmaterial',	'Wassenaar',	'KM5',	'2010',	2005408),
(969,	'BR',	'Kriegsmaterial',	'Wassenaar',	'KM6',	'2010',	7142964),
(970,	'CL',	'Kriegsmaterial',	'Wassenaar',	'KM1',	'2010',	42981),
(971,	'CL',	'Kriegsmaterial',	'Wassenaar',	'KM2',	'2010',	8800),
(972,	'CL',	'Kriegsmaterial',	'Wassenaar',	'KM5',	'2010',	188632),
(973,	'CR',	'Kriegsmaterial',	'Wassenaar',	'KM3',	'2010',	450),
(974,	'EC',	'Kriegsmaterial',	'Wassenaar',	'KM3',	'2010',	245000),
(975,	'CA',	'Kriegsmaterial',	'Wassenaar',	'KM1',	'2010',	552956),
(976,	'CA',	'Kriegsmaterial',	'Wassenaar',	'KM2',	'2010',	2779763),
(977,	'CA',	'Kriegsmaterial',	'Wassenaar',	'KM3',	'2010',	9412550),
(978,	'CA',	'Kriegsmaterial',	'Wassenaar',	'KM6',	'2010',	162728),
(979,	'CA',	'Kriegsmaterial',	'Wassenaar',	'KM8',	'2010',	1161168),
(980,	'CA',	'Kriegsmaterial',	'Wassenaar',	'KM10',	'2010',	93822),
(981,	'PY',	'Kriegsmaterial',	'Wassenaar',	'KM1',	'2010',	1103),
(982,	'TT',	'Kriegsmaterial',	'Wassenaar',	'KM1',	'2010',	1202),
(983,	'US',	'Kriegsmaterial',	'Wassenaar',	'KM1',	'2010',	1031997),
(984,	'US',	'Kriegsmaterial',	'Wassenaar',	'KM2',	'2010',	728852),
(985,	'US',	'Kriegsmaterial',	'Wassenaar',	'KM3',	'2010',	8079958),
(986,	'US',	'Kriegsmaterial',	'Wassenaar',	'KM5',	'2010',	525350),
(987,	'US',	'Kriegsmaterial',	'Wassenaar',	'KM8',	'2010',	635396),
(988,	'US',	'Kriegsmaterial',	'Wassenaar',	'KM10',	'2010',	16104511),
(989,	'US',	'Kriegsmaterial',	'Wassenaar',	'KM16',	'2010',	34725),
(990,	'VE',	'Kriegsmaterial',	'Wassenaar',	'KM2',	'2010',	54130),
(991,	'AE',	'Kriegsmaterial',	'Wassenaar',	'KM1',	'2010',	1152396),
(992,	'AE',	'Kriegsmaterial',	'Wassenaar',	'KM2',	'2010',	5204347),
(993,	'AE',	'Kriegsmaterial',	'Wassenaar',	'KM3',	'2010',	344290),
(994,	'AE',	'Kriegsmaterial',	'Wassenaar',	'KM4',	'2010',	1829307),
(995,	'AE',	'Kriegsmaterial',	'Wassenaar',	'KM5',	'2010',	204901),
(996,	'AE',	'Kriegsmaterial',	'Wassenaar',	'KM6',	'2010',	13804),
(997,	'BH',	'Kriegsmaterial',	'Wassenaar',	'KM1',	'2010',	149000),
(998,	'BH',	'Kriegsmaterial',	'Wassenaar',	'KM2',	'2010',	427897),
(999,	'BH',	'Kriegsmaterial',	'Wassenaar',	'KM3',	'2010',	1551696),
(1000,	'BH',	'Kriegsmaterial',	'Wassenaar',	'KM5',	'2010',	1088226),
(1001,	'IN',	'Kriegsmaterial',	'Wassenaar',	'KM1',	'2010',	3615915),
(1002,	'IN',	'Kriegsmaterial',	'Wassenaar',	'KM2',	'2010',	311470),
(1003,	'IN',	'Kriegsmaterial',	'Wassenaar',	'KM3',	'2010',	8250),
(1004,	'IN',	'Kriegsmaterial',	'Wassenaar',	'KM5',	'2010',	2095607),
(1005,	'ID',	'Kriegsmaterial',	'Wassenaar',	'KM1',	'2010',	26610),
(1006,	'ID',	'Kriegsmaterial',	'Wassenaar',	'KM8',	'2010',	49160),
(1007,	'JP',	'Kriegsmaterial',	'Wassenaar',	'KM1',	'2010',	93736),
(1008,	'JP',	'Kriegsmaterial',	'Wassenaar',	'KM2',	'2010',	10728),
(1009,	'JP',	'Kriegsmaterial',	'Wassenaar',	'KM3',	'2010',	73296),
(1010,	'JP',	'Kriegsmaterial',	'Wassenaar',	'KM7',	'2010',	3513),
(1011,	'JO',	'Kriegsmaterial',	'Wassenaar',	'KM1',	'2010',	100),
(1012,	'JO',	'Kriegsmaterial',	'Wassenaar',	'KM6',	'2010',	630000),
(1013,	'KZ',	'Kriegsmaterial',	'Wassenaar',	'KM1',	'2010',	4085),
(1014,	'QA',	'Kriegsmaterial',	'Wassenaar',	'KM1',	'2010',	515071),
(1015,	'KR',	'Kriegsmaterial',	'Wassenaar',	'KM1',	'2010',	155291),
(1016,	'KR',	'Kriegsmaterial',	'Wassenaar',	'KM2',	'2010',	44592),
(1017,	'KR',	'Kriegsmaterial',	'Wassenaar',	'KM4',	'2010',	1064852),
(1018,	'KW',	'Kriegsmaterial',	'Wassenaar',	'KM1',	'2010',	161565),
(1019,	'KW',	'Kriegsmaterial',	'Wassenaar',	'KM3',	'2010',	4304544),
(1020,	'LB',	'Kriegsmaterial',	'Wassenaar',	'KM1',	'2010',	242633),
(1021,	'MO',	'Kriegsmaterial',	'Wassenaar',	'KM1',	'2010',	19252),
(1022,	'MO',	'Kriegsmaterial',	'Wassenaar',	'KM3',	'2010',	88316),
(1023,	'MY',	'Kriegsmaterial',	'Wassenaar',	'KM1',	'2010',	125677),
(1024,	'MY',	'Kriegsmaterial',	'Wassenaar',	'KM2',	'2010',	298616),
(1025,	'MY',	'Kriegsmaterial',	'Wassenaar',	'KM3',	'2010',	4130),
(1026,	'MY',	'Kriegsmaterial',	'Wassenaar',	'KM4',	'2010',	826),
(1027,	'MY',	'Kriegsmaterial',	'Wassenaar',	'KM5',	'2010',	795415),
(1028,	'OM',	'Kriegsmaterial',	'Wassenaar',	'KM2',	'2010',	86960),
(1029,	'OM',	'Kriegsmaterial',	'Wassenaar',	'KM3',	'2010',	5323162),
(1030,	'OM',	'Kriegsmaterial',	'Wassenaar',	'KM5',	'2010',	6229),
(1031,	'PK',	'Kriegsmaterial',	'Wassenaar',	'KM1',	'2010',	1990),
(1032,	'PK',	'Kriegsmaterial',	'Wassenaar',	'KM2',	'2010',	363425),
(1033,	'PK',	'Kriegsmaterial',	'Wassenaar',	'KM3',	'2010',	13595000),
(1034,	'PK',	'Kriegsmaterial',	'Wassenaar',	'KM5',	'2010',	41980),
(1035,	'SA',	'Kriegsmaterial',	'Wassenaar',	'KM1',	'2010',	106495),
(1036,	'SA',	'Kriegsmaterial',	'Wassenaar',	'KM2',	'2010',	65876203),
(1037,	'SA',	'Kriegsmaterial',	'Wassenaar',	'KM3',	'2010',	205),
(1038,	'SA',	'Kriegsmaterial',	'Wassenaar',	'KM5',	'2010',	66623832),
(1039,	'SA',	'Kriegsmaterial',	'Wassenaar',	'KM6',	'2010',	3958),
(1040,	'SG',	'Kriegsmaterial',	'Wassenaar',	'KM1',	'2010',	111675),
(1041,	'SG',	'Kriegsmaterial',	'Wassenaar',	'KM2',	'2010',	1973655),
(1042,	'SG',	'Kriegsmaterial',	'Wassenaar',	'KM3',	'2010',	5910372),
(1043,	'SG',	'Kriegsmaterial',	'Wassenaar',	'KM5',	'2010',	77512),
(1044,	'SG',	'Kriegsmaterial',	'Wassenaar',	'KM8',	'2010',	1090),
(1045,	'TH',	'Kriegsmaterial',	'Wassenaar',	'KM1',	'2010',	96070),
(1046,	'TH',	'Kriegsmaterial',	'Wassenaar',	'KM2',	'2010',	14000),
(1047,	'TH',	'Kriegsmaterial',	'Wassenaar',	'KM3',	'2010',	25200),
(1048,	'TH',	'Kriegsmaterial',	'Wassenaar',	'KM5',	'2010',	196410),
(1049,	'TM',	'Kriegsmaterial',	'Wassenaar',	'KM1',	'2010',	110000),
(1050,	'AU',	'Kriegsmaterial',	'Wassenaar',	'KM1',	'2010',	69221),
(1051,	'AU',	'Kriegsmaterial',	'Wassenaar',	'KM3',	'2010',	5163036),
(1052,	'NZ',	'Kriegsmaterial',	'Wassenaar',	'KM1',	'2010',	47209),
(1053,	'NZ',	'Kriegsmaterial',	'Wassenaar',	'KM3',	'2010',	4936),
(1054,	'BE',	'Kriegsmaterial',	'Wassenaar',	'KM1',	'2011',	394055),
(1055,	'BE',	'Kriegsmaterial',	'Wassenaar',	'KM3',	'2011',	1701931),
(1056,	'BE',	'Kriegsmaterial',	'Wassenaar',	'KM6',	'2011',	29314454),
(1057,	'BE',	'Kriegsmaterial',	'Wassenaar',	'KM8',	'2011',	1117222),
(1058,	'BA',	'Kriegsmaterial',	'Wassenaar',	'KM1',	'2011',	21286),
(1059,	'BA',	'Kriegsmaterial',	'Wassenaar',	'KM2',	'2011',	1275),
(1060,	'BG',	'Kriegsmaterial',	'Wassenaar',	'KM1',	'2011',	33853),
(1061,	'BG',	'Kriegsmaterial',	'Wassenaar',	'KM2',	'2011',	3746),
(1062,	'BG',	'Kriegsmaterial',	'Wassenaar',	'KM3',	'2011',	69266),
(1063,	'BG',	'Kriegsmaterial',	'Wassenaar',	'KM8',	'2011',	814092),
(1064,	'DK',	'Kriegsmaterial',	'Wassenaar',	'KM1',	'2011',	14672),
(1065,	'DK',	'Kriegsmaterial',	'Wassenaar',	'KM2',	'2011',	3241345),
(1066,	'DK',	'Kriegsmaterial',	'Wassenaar',	'KM3',	'2011',	13094805),
(1067,	'DK',	'Kriegsmaterial',	'Wassenaar',	'KM5',	'2011',	90600),
(1068,	'DK',	'Kriegsmaterial',	'Wassenaar',	'KM6',	'2011',	642773),
(1069,	'DK',	'Kriegsmaterial',	'Wassenaar',	'KM8',	'2011',	758428),
(1070,	'DE',	'Kriegsmaterial',	'Wassenaar',	'KM1',	'2011',	2790997),
(1071,	'DE',	'Kriegsmaterial',	'Wassenaar',	'KM2',	'2011',	31880212),
(1072,	'DE',	'Kriegsmaterial',	'Wassenaar',	'KM3',	'2011',	46145102),
(1073,	'DE',	'Kriegsmaterial',	'Wassenaar',	'KM4',	'2011',	209701),
(1074,	'DE',	'Kriegsmaterial',	'Wassenaar',	'KM5',	'2011',	47593337),
(1075,	'DE',	'Kriegsmaterial',	'Wassenaar',	'KM6',	'2011',	106206511),
(1076,	'DE',	'Kriegsmaterial',	'Wassenaar',	'KM7',	'2011',	13146),
(1077,	'DE',	'Kriegsmaterial',	'Wassenaar',	'KM8',	'2011',	4647224),
(1078,	'DE',	'Kriegsmaterial',	'Wassenaar',	'KM10',	'2011',	50550),
(1079,	'DE',	'Kriegsmaterial',	'Wassenaar',	'KM16',	'2011',	56206),
(1080,	'EE',	'Kriegsmaterial',	'Wassenaar',	'KM1',	'2011',	24791),
(1081,	'EE',	'Kriegsmaterial',	'Wassenaar',	'KM3',	'2011',	108780),
(1082,	'FI',	'Kriegsmaterial',	'Wassenaar',	'KM1',	'2011',	97732),
(1083,	'FI',	'Kriegsmaterial',	'Wassenaar',	'KM2',	'2011',	693140),
(1084,	'FI',	'Kriegsmaterial',	'Wassenaar',	'KM3',	'2011',	47410),
(1085,	'FI',	'Kriegsmaterial',	'Wassenaar',	'KM5',	'2011',	3152),
(1086,	'FI',	'Kriegsmaterial',	'Wassenaar',	'KM6',	'2011',	315088),
(1087,	'FI',	'Kriegsmaterial',	'Wassenaar',	'KM8',	'2011',	620960),
(1088,	'FI',	'Kriegsmaterial',	'Wassenaar',	'KM10',	'2011',	1368332),
(1089,	'FR',	'Kriegsmaterial',	'Wassenaar',	'KM1',	'2011',	1215049),
(1090,	'FR',	'Kriegsmaterial',	'Wassenaar',	'KM2',	'2011',	3138518),
(1091,	'FR',	'Kriegsmaterial',	'Wassenaar',	'KM3',	'2011',	9006705),
(1092,	'FR',	'Kriegsmaterial',	'Wassenaar',	'KM4',	'2011',	42806),
(1093,	'FR',	'Kriegsmaterial',	'Wassenaar',	'KM5',	'2011',	233625),
(1094,	'FR',	'Kriegsmaterial',	'Wassenaar',	'KM6',	'2011',	1979),
(1095,	'FR',	'Kriegsmaterial',	'Wassenaar',	'KM8',	'2011',	1347587),
(1096,	'FR',	'Kriegsmaterial',	'Wassenaar',	'KM10',	'2011',	2006552),
(1097,	'FR',	'Kriegsmaterial',	'Wassenaar',	'KM16',	'2011',	129326),
(1098,	'GR',	'Kriegsmaterial',	'Wassenaar',	'KM1',	'2011',	11194),
(1099,	'GR',	'Kriegsmaterial',	'Wassenaar',	'KM2',	'2011',	4039072),
(1100,	'GR',	'Kriegsmaterial',	'Wassenaar',	'KM5',	'2011',	2796664),
(1101,	'GB',	'Kriegsmaterial',	'Wassenaar',	'KM1',	'2011',	722665),
(1102,	'GB',	'Kriegsmaterial',	'Wassenaar',	'KM2',	'2011',	786397),
(1103,	'GB',	'Kriegsmaterial',	'Wassenaar',	'KM3',	'2011',	10460861),
(1104,	'GB',	'Kriegsmaterial',	'Wassenaar',	'KM4',	'2011',	2585406),
(1105,	'GB',	'Kriegsmaterial',	'Wassenaar',	'KM5',	'2011',	521923),
(1106,	'GB',	'Kriegsmaterial',	'Wassenaar',	'KM6',	'2011',	450520),
(1107,	'GB',	'Kriegsmaterial',	'Wassenaar',	'KM8',	'2011',	7401728),
(1108,	'GB',	'Kriegsmaterial',	'Wassenaar',	'KM10',	'2011',	224652),
(1109,	'IE',	'Kriegsmaterial',	'Wassenaar',	'KM6',	'2011',	34681),
(1110,	'IT',	'Kriegsmaterial',	'Wassenaar',	'KM1',	'2011',	1279097),
(1111,	'IT',	'Kriegsmaterial',	'Wassenaar',	'KM2',	'2011',	14933221),
(1112,	'IT',	'Kriegsmaterial',	'Wassenaar',	'KM3',	'2011',	26826116),
(1113,	'IT',	'Kriegsmaterial',	'Wassenaar',	'KM5',	'2011',	12239748),
(1114,	'IT',	'Kriegsmaterial',	'Wassenaar',	'KM6',	'2011',	1167250),
(1115,	'IT',	'Kriegsmaterial',	'Wassenaar',	'KM8',	'2011',	624756),
(1116,	'IT',	'Kriegsmaterial',	'Wassenaar',	'KM10',	'2011',	24072),
(1117,	'IT',	'Kriegsmaterial',	'Wassenaar',	'KM16',	'2011',	80382),
(1118,	'HR',	'Kriegsmaterial',	'Wassenaar',	'KM1',	'2011',	14402),
(1119,	'HR',	'Kriegsmaterial',	'Wassenaar',	'KM2',	'2011',	1575),
(1120,	'LV',	'Kriegsmaterial',	'Wassenaar',	'KM1',	'2011',	3745),
(1121,	'LT',	'Kriegsmaterial',	'Wassenaar',	'KM1',	'2011',	5067),
(1122,	'LU',	'Kriegsmaterial',	'Wassenaar',	'KM1',	'2011',	57131),
(1123,	'LU',	'Kriegsmaterial',	'Wassenaar',	'KM3',	'2011',	88674),
(1124,	'MT',	'Kriegsmaterial',	'Wassenaar',	'KM1',	'2011',	47824),
(1125,	'NL',	'Kriegsmaterial',	'Wassenaar',	'KM1',	'2011',	1497351),
(1126,	'NL',	'Kriegsmaterial',	'Wassenaar',	'KM2',	'2011',	1841467),
(1127,	'NL',	'Kriegsmaterial',	'Wassenaar',	'KM3',	'2011',	15026061),
(1128,	'NL',	'Kriegsmaterial',	'Wassenaar',	'KM5',	'2011',	10353),
(1129,	'NL',	'Kriegsmaterial',	'Wassenaar',	'KM6',	'2011',	3966195),
(1130,	'NL',	'Kriegsmaterial',	'Wassenaar',	'KM8',	'2011',	13810),
(1131,	'NL',	'Kriegsmaterial',	'Wassenaar',	'KM10',	'2011',	2001),
(1132,	'NL',	'Kriegsmaterial',	'Wassenaar',	'KM16',	'2011',	6221),
(1133,	'NO',	'Kriegsmaterial',	'Wassenaar',	'KM1',	'2011',	86410),
(1134,	'NO',	'Kriegsmaterial',	'Wassenaar',	'KM2',	'2011',	5033112),
(1135,	'NO',	'Kriegsmaterial',	'Wassenaar',	'KM3',	'2011',	10553044),
(1136,	'NO',	'Kriegsmaterial',	'Wassenaar',	'KM4',	'2011',	169406),
(1137,	'NO',	'Kriegsmaterial',	'Wassenaar',	'KM6',	'2011',	7313768),
(1138,	'NO',	'Kriegsmaterial',	'Wassenaar',	'KM8',	'2011',	601180),
(1139,	'NO',	'Kriegsmaterial',	'Wassenaar',	'KM16',	'2011',	353591),
(1140,	'AT',	'Kriegsmaterial',	'Wassenaar',	'KM1',	'2011',	268829),
(1141,	'AT',	'Kriegsmaterial',	'Wassenaar',	'KM3',	'2011',	3816710),
(1142,	'AT',	'Kriegsmaterial',	'Wassenaar',	'KM6',	'2011',	120194),
(1143,	'AT',	'Kriegsmaterial',	'Wassenaar',	'KM8',	'2011',	14218),
(1144,	'PL',	'Kriegsmaterial',	'Wassenaar',	'KM1',	'2011',	310407),
(1145,	'PL',	'Kriegsmaterial',	'Wassenaar',	'KM3',	'2011',	28480),
(1146,	'PL',	'Kriegsmaterial',	'Wassenaar',	'KM8',	'2011',	47),
(1147,	'PT',	'Kriegsmaterial',	'Wassenaar',	'KM1',	'2011',	9624),
(1148,	'RO',	'Kriegsmaterial',	'Wassenaar',	'KM1',	'2011',	183787),
(1149,	'RO',	'Kriegsmaterial',	'Wassenaar',	'KM3',	'2011',	368912),
(1150,	'RO',	'Kriegsmaterial',	'Wassenaar',	'KM6',	'2011',	419906),
(1151,	'RO',	'Kriegsmaterial',	'Wassenaar',	'KM8',	'2011',	304),
(1152,	'RU',	'Kriegsmaterial',	'Wassenaar',	'KM1',	'2011',	199061),
(1153,	'RU',	'Kriegsmaterial',	'Wassenaar',	'KM3',	'2011',	48243),
(1154,	'SE',	'Kriegsmaterial',	'Wassenaar',	'KM1',	'2011',	390725),
(1155,	'SE',	'Kriegsmaterial',	'Wassenaar',	'KM2',	'2011',	193189),
(1156,	'SE',	'Kriegsmaterial',	'Wassenaar',	'KM3',	'2011',	4141000),
(1157,	'SE',	'Kriegsmaterial',	'Wassenaar',	'KM4',	'2011',	937),
(1158,	'SE',	'Kriegsmaterial',	'Wassenaar',	'KM5',	'2011',	2538100),
(1159,	'SE',	'Kriegsmaterial',	'Wassenaar',	'KM6',	'2011',	176101),
(1160,	'SE',	'Kriegsmaterial',	'Wassenaar',	'KM8',	'2011',	1350911),
(1161,	'SE',	'Kriegsmaterial',	'Wassenaar',	'KM10',	'2011',	28460),
(1162,	'SE',	'Kriegsmaterial',	'Wassenaar',	'KM16',	'2011',	137117),
(1163,	'SK',	'Kriegsmaterial',	'Wassenaar',	'KM1',	'2011',	1408),
(1164,	'SK',	'Kriegsmaterial',	'Wassenaar',	'KM3',	'2011',	91932),
(1165,	'SI',	'Kriegsmaterial',	'Wassenaar',	'KM1',	'2011',	24628),
(1166,	'SI',	'Kriegsmaterial',	'Wassenaar',	'KM3',	'2011',	15733),
(1167,	'ES',	'Kriegsmaterial',	'Wassenaar',	'KM1',	'2011',	46871),
(1168,	'ES',	'Kriegsmaterial',	'Wassenaar',	'KM2',	'2011',	5729025),
(1169,	'ES',	'Kriegsmaterial',	'Wassenaar',	'KM3',	'2011',	4666542),
(1170,	'ES',	'Kriegsmaterial',	'Wassenaar',	'KM5',	'2011',	3833331),
(1171,	'ES',	'Kriegsmaterial',	'Wassenaar',	'KM6',	'2011',	18087506),
(1172,	'ES',	'Kriegsmaterial',	'Wassenaar',	'KM10',	'2011',	106137),
(1173,	'CZ',	'Kriegsmaterial',	'Wassenaar',	'KM1',	'2011',	112799),
(1174,	'CZ',	'Kriegsmaterial',	'Wassenaar',	'KM3',	'2011',	3406),
(1175,	'TR',	'Kriegsmaterial',	'Wassenaar',	'KM1',	'2011',	21948),
(1176,	'TR',	'Kriegsmaterial',	'Wassenaar',	'KM2',	'2011',	165583),
(1177,	'TR',	'Kriegsmaterial',	'Wassenaar',	'KM5',	'2011',	42000),
(1178,	'UA',	'Kriegsmaterial',	'Wassenaar',	'KM1',	'2011',	475665),
(1179,	'UA',	'Kriegsmaterial',	'Wassenaar',	'KM3',	'2011',	19066),
(1180,	'HU',	'Kriegsmaterial',	'Wassenaar',	'KM1',	'2011',	1681209),
(1181,	'HU',	'Kriegsmaterial',	'Wassenaar',	'KM3',	'2011',	363533),
(1182,	'HU',	'Kriegsmaterial',	'Wassenaar',	'KM6',	'2011',	3000),
(1183,	'CY',	'Kriegsmaterial',	'Wassenaar',	'KM1',	'2011',	59410),
(1184,	'CY',	'Kriegsmaterial',	'Wassenaar',	'KM5',	'2011',	7560),
(1185,	'EG',	'Kriegsmaterial',	'Wassenaar',	'KM1',	'2011',	2350),
(1186,	'BW',	'Kriegsmaterial',	'Wassenaar',	'KM6',	'2011',	207389),
(1187,	'ZA',	'Kriegsmaterial',	'Wassenaar',	'KM1',	'2011',	76763),
(1188,	'ZA',	'Kriegsmaterial',	'Wassenaar',	'KM2',	'2011',	1242769),
(1189,	'ZA',	'Kriegsmaterial',	'Wassenaar',	'KM3',	'2011',	3752678),
(1190,	'ZA',	'Kriegsmaterial',	'Wassenaar',	'KM5',	'2011',	66600),
(1191,	'ZA',	'Kriegsmaterial',	'Wassenaar',	'KM8',	'2011',	757740),
(1192,	'AR',	'Kriegsmaterial',	'Wassenaar',	'KM2',	'2011',	2079),
(1193,	'BB',	'Kriegsmaterial',	'Wassenaar',	'KM3',	'2011',	94055),
(1194,	'BR',	'Kriegsmaterial',	'Wassenaar',	'KM2',	'2011',	403080),
(1195,	'BR',	'Kriegsmaterial',	'Wassenaar',	'KM5',	'2011',	1238805),
(1196,	'BR',	'Kriegsmaterial',	'Wassenaar',	'KM6',	'2011',	8878219),
(1197,	'CL',	'Kriegsmaterial',	'Wassenaar',	'KM2',	'2011',	35296),
(1198,	'CL',	'Kriegsmaterial',	'Wassenaar',	'KM5',	'2011',	924867),
(1199,	'CL',	'Kriegsmaterial',	'Wassenaar',	'KM6',	'2011',	104068),
(1200,	'DM',	'Kriegsmaterial',	'Wassenaar',	'KM1',	'2011',	400),
(1201,	'DO',	'Kriegsmaterial',	'Wassenaar',	'KM1',	'2011',	53347),
(1202,	'SV',	'Kriegsmaterial',	'Wassenaar',	'KM1',	'2011',	859),
(1203,	'CA',	'Kriegsmaterial',	'Wassenaar',	'KM1',	'2011',	639509),
(1204,	'CA',	'Kriegsmaterial',	'Wassenaar',	'KM3',	'2011',	107046),
(1205,	'CA',	'Kriegsmaterial',	'Wassenaar',	'KM6',	'2011',	3333449),
(1206,	'CA',	'Kriegsmaterial',	'Wassenaar',	'KM10',	'2011',	152510),
(1207,	'PE',	'Kriegsmaterial',	'Wassenaar',	'KM1',	'2011',	3713),
(1208,	'UY',	'Kriegsmaterial',	'Wassenaar',	'KM1',	'2011',	3047),
(1209,	'US',	'Kriegsmaterial',	'Wassenaar',	'KM1',	'2011',	1598722),
(1210,	'US',	'Kriegsmaterial',	'Wassenaar',	'KM2',	'2011',	542997),
(1211,	'US',	'Kriegsmaterial',	'Wassenaar',	'KM3',	'2011',	1335579),
(1212,	'US',	'Kriegsmaterial',	'Wassenaar',	'KM5',	'2011',	5000),
(1213,	'US',	'Kriegsmaterial',	'Wassenaar',	'KM6',	'2011',	242202),
(1214,	'US',	'Kriegsmaterial',	'Wassenaar',	'KM8',	'2011',	276623),
(1215,	'US',	'Kriegsmaterial',	'Wassenaar',	'KM10',	'2011',	26487640),
(1216,	'US',	'Kriegsmaterial',	'Wassenaar',	'KM16',	'2011',	168938),
(1217,	'VE',	'Kriegsmaterial',	'Wassenaar',	'KM2',	'2011',	1485),
(1218,	'AE',	'Kriegsmaterial',	'Wassenaar',	'KM1',	'2011',	969776),
(1219,	'AE',	'Kriegsmaterial',	'Wassenaar',	'KM3',	'2011',	118540),
(1220,	'AE',	'Kriegsmaterial',	'Wassenaar',	'KM5',	'2011',	2923104),
(1221,	'AE',	'Kriegsmaterial',	'Wassenaar',	'KM6',	'2011',	3680978),
(1222,	'AE',	'Kriegsmaterial',	'Wassenaar',	'KM10',	'2011',	258113223),
(1223,	'BH',	'Kriegsmaterial',	'Wassenaar',	'KM5',	'2011',	2228230),
(1224,	'BN',	'Kriegsmaterial',	'Wassenaar',	'KM3',	'2011',	39098),
(1225,	'HK',	'Kriegsmaterial',	'Wassenaar',	'KM1',	'2011',	3205),
(1226,	'HK',	'Kriegsmaterial',	'Wassenaar',	'KM3',	'2011',	500),
(1227,	'IN',	'Kriegsmaterial',	'Wassenaar',	'KM1',	'2011',	3646900),
(1228,	'IN',	'Kriegsmaterial',	'Wassenaar',	'KM3',	'2011',	9792),
(1229,	'IN',	'Kriegsmaterial',	'Wassenaar',	'KM5',	'2011',	3754497),
(1230,	'ID',	'Kriegsmaterial',	'Wassenaar',	'KM1',	'2011',	636936),
(1231,	'ID',	'Kriegsmaterial',	'Wassenaar',	'KM3',	'2011',	35863),
(1232,	'IL',	'Kriegsmaterial',	'Wassenaar',	'KM6',	'2011',	21134),
(1233,	'JP',	'Kriegsmaterial',	'Wassenaar',	'KM1',	'2011',	156230),
(1234,	'JP',	'Kriegsmaterial',	'Wassenaar',	'KM3',	'2011',	134975),
(1235,	'JP',	'Kriegsmaterial',	'Wassenaar',	'KM7',	'2011',	27644),
(1236,	'JO',	'Kriegsmaterial',	'Wassenaar',	'KM1',	'2011',	4029),
(1237,	'QA',	'Kriegsmaterial',	'Wassenaar',	'KM1',	'2011',	660010),
(1238,	'KR',	'Kriegsmaterial',	'Wassenaar',	'KM1',	'2011',	56512),
(1239,	'KR',	'Kriegsmaterial',	'Wassenaar',	'KM2',	'2011',	246515),
(1240,	'KR',	'Kriegsmaterial',	'Wassenaar',	'KM3',	'2011',	40613),
(1241,	'KR',	'Kriegsmaterial',	'Wassenaar',	'KM4',	'2011',	757904),
(1242,	'KR',	'Kriegsmaterial',	'Wassenaar',	'KM5',	'2011',	109500),
(1243,	'KW',	'Kriegsmaterial',	'Wassenaar',	'KM1',	'2011',	68540),
(1244,	'MY',	'Kriegsmaterial',	'Wassenaar',	'KM1',	'2011',	246810),
(1245,	'MY',	'Kriegsmaterial',	'Wassenaar',	'KM5',	'2011',	1527344),
(1246,	'MY',	'Kriegsmaterial',	'Wassenaar',	'KM7',	'2011',	500),
(1247,	'OM',	'Kriegsmaterial',	'Wassenaar',	'KM2',	'2011',	160168),
(1248,	'OM',	'Kriegsmaterial',	'Wassenaar',	'KM3',	'2011',	1033487),
(1249,	'PK',	'Kriegsmaterial',	'Wassenaar',	'KM2',	'2011',	168944),
(1250,	'PK',	'Kriegsmaterial',	'Wassenaar',	'KM5',	'2011',	6381762),
(1251,	'SA',	'Kriegsmaterial',	'Wassenaar',	'KM1',	'2011',	110372),
(1252,	'SA',	'Kriegsmaterial',	'Wassenaar',	'KM2',	'2011',	2513776),
(1253,	'SA',	'Kriegsmaterial',	'Wassenaar',	'KM5',	'2011',	18017667),
(1254,	'SG',	'Kriegsmaterial',	'Wassenaar',	'KM1',	'2011',	96681),
(1255,	'SG',	'Kriegsmaterial',	'Wassenaar',	'KM2',	'2011',	1110846),
(1256,	'SG',	'Kriegsmaterial',	'Wassenaar',	'KM3',	'2011',	5021393),
(1257,	'SG',	'Kriegsmaterial',	'Wassenaar',	'KM5',	'2011',	211068),
(1258,	'SG',	'Kriegsmaterial',	'Wassenaar',	'KM8',	'2011',	3002186),
(1259,	'TH',	'Kriegsmaterial',	'Wassenaar',	'KM5',	'2011',	66020),
(1260,	'TH',	'Kriegsmaterial',	'Wassenaar',	'KM8',	'2011',	118),
(1261,	'AU',	'Kriegsmaterial',	'Wassenaar',	'KM1',	'2011',	275548),
(1262,	'AU',	'Kriegsmaterial',	'Wassenaar',	'KM3',	'2011',	3838524),
(1263,	'AU',	'Kriegsmaterial',	'Wassenaar',	'KM6',	'2011',	2140481),
(1264,	'NZ',	'Kriegsmaterial',	'Wassenaar',	'KM1',	'2011',	62560),
(1265,	'BE',	'Kriegsmaterial',	'Wassenaar',	'KM1',	'2012',	463695),
(1266,	'BE',	'Kriegsmaterial',	'Wassenaar',	'KM3',	'2012',	1667612),
(1267,	'BE',	'Kriegsmaterial',	'Wassenaar',	'KM6',	'2012',	3564275),
(1268,	'BE',	'Kriegsmaterial',	'Wassenaar',	'KM8',	'2012',	687653),
(1269,	'BA',	'Kriegsmaterial',	'Wassenaar',	'KM1',	'2012',	56171),
(1270,	'BA',	'Kriegsmaterial',	'Wassenaar',	'KM3',	'2012',	23823),
(1271,	'BG',	'Kriegsmaterial',	'Wassenaar',	'KM1',	'2012',	43182),
(1272,	'BG',	'Kriegsmaterial',	'Wassenaar',	'KM8',	'2012',	143539),
(1273,	'DK',	'Kriegsmaterial',	'Wassenaar',	'KM1',	'2012',	7653),
(1274,	'DK',	'Kriegsmaterial',	'Wassenaar',	'KM2',	'2012',	1310632),
(1275,	'DK',	'Kriegsmaterial',	'Wassenaar',	'KM3',	'2012',	1225726),
(1276,	'DK',	'Kriegsmaterial',	'Wassenaar',	'KM5',	'2012',	20334),
(1277,	'DK',	'Kriegsmaterial',	'Wassenaar',	'KM6',	'2012',	358040),
(1278,	'DK',	'Kriegsmaterial',	'Wassenaar',	'KM8',	'2012',	1082553),
(1279,	'DE',	'Kriegsmaterial',	'Wassenaar',	'KM1',	'2012',	3762622),
(1280,	'DE',	'Kriegsmaterial',	'Wassenaar',	'KM2',	'2012',	38652434),
(1281,	'DE',	'Kriegsmaterial',	'Wassenaar',	'KM3',	'2012',	71032237),
(1282,	'DE',	'Kriegsmaterial',	'Wassenaar',	'KM4',	'2012',	87700),
(1283,	'DE',	'Kriegsmaterial',	'Wassenaar',	'KM5',	'2012',	24437078),
(1284,	'DE',	'Kriegsmaterial',	'Wassenaar',	'KM6',	'2012',	98171638),
(1285,	'DE',	'Kriegsmaterial',	'Wassenaar',	'KM7',	'2012',	1513),
(1286,	'DE',	'Kriegsmaterial',	'Wassenaar',	'KM8',	'2012',	8885679),
(1287,	'DE',	'Kriegsmaterial',	'Wassenaar',	'KM10',	'2012',	280570),
(1288,	'DE',	'Kriegsmaterial',	'Wassenaar',	'KM16',	'2012',	69332),
(1289,	'EE',	'Kriegsmaterial',	'Wassenaar',	'KM1',	'2012',	51831),
(1290,	'EE',	'Kriegsmaterial',	'Wassenaar',	'KM3',	'2012',	100),
(1291,	'EE',	'Kriegsmaterial',	'Wassenaar',	'KM6',	'2012',	3000),
(1292,	'FI',	'Kriegsmaterial',	'Wassenaar',	'KM1',	'2012',	56686),
(1293,	'FI',	'Kriegsmaterial',	'Wassenaar',	'KM2',	'2012',	1144846),
(1294,	'FI',	'Kriegsmaterial',	'Wassenaar',	'KM3',	'2012',	9884),
(1295,	'FI',	'Kriegsmaterial',	'Wassenaar',	'KM5',	'2012',	174688),
(1296,	'FI',	'Kriegsmaterial',	'Wassenaar',	'KM8',	'2012',	144),
(1297,	'FI',	'Kriegsmaterial',	'Wassenaar',	'KM10',	'2012',	1529306),
(1298,	'FR',	'Kriegsmaterial',	'Wassenaar',	'KM1',	'2012',	1460795),
(1299,	'FR',	'Kriegsmaterial',	'Wassenaar',	'KM2',	'2012',	1865846),
(1300,	'FR',	'Kriegsmaterial',	'Wassenaar',	'KM3',	'2012',	4539295),
(1301,	'FR',	'Kriegsmaterial',	'Wassenaar',	'KM4',	'2012',	324729),
(1302,	'FR',	'Kriegsmaterial',	'Wassenaar',	'KM5',	'2012',	1024854),
(1303,	'FR',	'Kriegsmaterial',	'Wassenaar',	'KM6',	'2012',	9431),
(1304,	'FR',	'Kriegsmaterial',	'Wassenaar',	'KM8',	'2012',	907374),
(1305,	'FR',	'Kriegsmaterial',	'Wassenaar',	'KM10',	'2012',	5458046),
(1306,	'FR',	'Kriegsmaterial',	'Wassenaar',	'KM16',	'2012',	50140),
(1307,	'GR',	'Kriegsmaterial',	'Wassenaar',	'KM1',	'2012',	2495),
(1308,	'GR',	'Kriegsmaterial',	'Wassenaar',	'KM2',	'2012',	2575356),
(1309,	'GR',	'Kriegsmaterial',	'Wassenaar',	'KM5',	'2012',	929746),
(1310,	'GB',	'Kriegsmaterial',	'Wassenaar',	'KM1',	'2012',	813086),
(1311,	'GB',	'Kriegsmaterial',	'Wassenaar',	'KM2',	'2012',	2618458),
(1312,	'GB',	'Kriegsmaterial',	'Wassenaar',	'KM3',	'2012',	6340865),
(1313,	'GB',	'Kriegsmaterial',	'Wassenaar',	'KM4',	'2012',	3747403),
(1314,	'GB',	'Kriegsmaterial',	'Wassenaar',	'KM6',	'2012',	651),
(1315,	'GB',	'Kriegsmaterial',	'Wassenaar',	'KM8',	'2012',	5778135),
(1316,	'GB',	'Kriegsmaterial',	'Wassenaar',	'KM10',	'2012',	1006809),
(1317,	'IE',	'Kriegsmaterial',	'Wassenaar',	'KM1',	'2012',	4144),
(1318,	'IE',	'Kriegsmaterial',	'Wassenaar',	'KM3',	'2012',	1719321),
(1319,	'IE',	'Kriegsmaterial',	'Wassenaar',	'KM6',	'2012',	78392),
(1320,	'IT',	'Kriegsmaterial',	'Wassenaar',	'KM1',	'2012',	1304766),
(1321,	'IT',	'Kriegsmaterial',	'Wassenaar',	'KM2',	'2012',	25242402),
(1322,	'IT',	'Kriegsmaterial',	'Wassenaar',	'KM3',	'2012',	11406622),
(1323,	'IT',	'Kriegsmaterial',	'Wassenaar',	'KM5',	'2012',	22569257),
(1324,	'IT',	'Kriegsmaterial',	'Wassenaar',	'KM8',	'2012',	534087),
(1325,	'IT',	'Kriegsmaterial',	'Wassenaar',	'KM16',	'2012',	68010),
(1326,	'XK',	'Kriegsmaterial',	'Wassenaar',	'KM3',	'2012',	11936),
(1327,	'LV',	'Kriegsmaterial',	'Wassenaar',	'KM3',	'2012',	5902),
(1328,	'LT',	'Kriegsmaterial',	'Wassenaar',	'KM1',	'2012',	120),
(1329,	'LT',	'Kriegsmaterial',	'Wassenaar',	'KM3',	'2012',	32722),
(1330,	'LU',	'Kriegsmaterial',	'Wassenaar',	'KM1',	'2012',	45198),
(1331,	'LU',	'Kriegsmaterial',	'Wassenaar',	'KM3',	'2012',	24860),
(1332,	'MT',	'Kriegsmaterial',	'Wassenaar',	'KM3',	'2012',	10353),
(1333,	'MK',	'Kriegsmaterial',	'Wassenaar',	'KM1',	'2012',	2748),
(1334,	'NL',	'Kriegsmaterial',	'Wassenaar',	'KM1',	'2012',	512719),
(1335,	'NL',	'Kriegsmaterial',	'Wassenaar',	'KM2',	'2012',	993233),
(1336,	'NL',	'Kriegsmaterial',	'Wassenaar',	'KM3',	'2012',	2146651),
(1337,	'NL',	'Kriegsmaterial',	'Wassenaar',	'KM6',	'2012',	1030374),
(1338,	'NL',	'Kriegsmaterial',	'Wassenaar',	'KM8',	'2012',	39600),
(1339,	'NL',	'Kriegsmaterial',	'Wassenaar',	'KM10',	'2012',	37716),
(1340,	'NO',	'Kriegsmaterial',	'Wassenaar',	'KM1',	'2012',	48705),
(1341,	'NO',	'Kriegsmaterial',	'Wassenaar',	'KM2',	'2012',	3000563),
(1342,	'NO',	'Kriegsmaterial',	'Wassenaar',	'KM3',	'2012',	6413713),
(1343,	'NO',	'Kriegsmaterial',	'Wassenaar',	'KM4',	'2012',	163943),
(1344,	'NO',	'Kriegsmaterial',	'Wassenaar',	'KM6',	'2012',	2384007),
(1345,	'NO',	'Kriegsmaterial',	'Wassenaar',	'KM7',	'2012',	2440),
(1346,	'NO',	'Kriegsmaterial',	'Wassenaar',	'KM8',	'2012',	813475),
(1347,	'NO',	'Kriegsmaterial',	'Wassenaar',	'KM16',	'2012',	318985),
(1348,	'AT',	'Kriegsmaterial',	'Wassenaar',	'KM1',	'2012',	138484),
(1349,	'AT',	'Kriegsmaterial',	'Wassenaar',	'KM2',	'2012',	67143),
(1350,	'AT',	'Kriegsmaterial',	'Wassenaar',	'KM3',	'2012',	5865955),
(1351,	'AT',	'Kriegsmaterial',	'Wassenaar',	'KM5',	'2012',	15016),
(1352,	'AT',	'Kriegsmaterial',	'Wassenaar',	'KM8',	'2012',	1182),
(1353,	'PL',	'Kriegsmaterial',	'Wassenaar',	'KM1',	'2012',	42361),
(1354,	'PL',	'Kriegsmaterial',	'Wassenaar',	'KM3',	'2012',	6878),
(1355,	'PL',	'Kriegsmaterial',	'Wassenaar',	'KM8',	'2012',	521),
(1356,	'PT',	'Kriegsmaterial',	'Wassenaar',	'KM1',	'2012',	240),
(1357,	'PT',	'Kriegsmaterial',	'Wassenaar',	'KM3',	'2012',	1500696),
(1358,	'RO',	'Kriegsmaterial',	'Wassenaar',	'KM1',	'2012',	13106),
(1359,	'RO',	'Kriegsmaterial',	'Wassenaar',	'KM3',	'2012',	85595),
(1360,	'RO',	'Kriegsmaterial',	'Wassenaar',	'KM6',	'2012',	11075762),
(1361,	'RO',	'Kriegsmaterial',	'Wassenaar',	'KM8',	'2012',	146),
(1362,	'RU',	'Kriegsmaterial',	'Wassenaar',	'KM1',	'2012',	942704),
(1363,	'RU',	'Kriegsmaterial',	'Wassenaar',	'KM3',	'2012',	166606),
(1364,	'RU',	'Kriegsmaterial',	'Wassenaar',	'KM8',	'2012',	45),
(1365,	'SE',	'Kriegsmaterial',	'Wassenaar',	'KM1',	'2012',	49615),
(1366,	'SE',	'Kriegsmaterial',	'Wassenaar',	'KM2',	'2012',	199891),
(1367,	'SE',	'Kriegsmaterial',	'Wassenaar',	'KM3',	'2012',	4493672),
(1368,	'SE',	'Kriegsmaterial',	'Wassenaar',	'KM4',	'2012',	2841),
(1369,	'SE',	'Kriegsmaterial',	'Wassenaar',	'KM5',	'2012',	4020528),
(1370,	'SE',	'Kriegsmaterial',	'Wassenaar',	'KM6',	'2012',	684933),
(1371,	'SE',	'Kriegsmaterial',	'Wassenaar',	'KM8',	'2012',	1361885),
(1372,	'SE',	'Kriegsmaterial',	'Wassenaar',	'KM10',	'2012',	440417),
(1373,	'SK',	'Kriegsmaterial',	'Wassenaar',	'KM1',	'2012',	51607),
(1374,	'SK',	'Kriegsmaterial',	'Wassenaar',	'KM3',	'2012',	137028),
(1375,	'SI',	'Kriegsmaterial',	'Wassenaar',	'KM1',	'2012',	30942),
(1376,	'SI',	'Kriegsmaterial',	'Wassenaar',	'KM3',	'2012',	15118),
(1377,	'ES',	'Kriegsmaterial',	'Wassenaar',	'KM1',	'2012',	88588),
(1378,	'ES',	'Kriegsmaterial',	'Wassenaar',	'KM2',	'2012',	1714931),
(1379,	'ES',	'Kriegsmaterial',	'Wassenaar',	'KM3',	'2012',	382503),
(1380,	'ES',	'Kriegsmaterial',	'Wassenaar',	'KM5',	'2012',	4374738),
(1381,	'ES',	'Kriegsmaterial',	'Wassenaar',	'KM6',	'2012',	11971132),
(1382,	'ES',	'Kriegsmaterial',	'Wassenaar',	'KM10',	'2012',	54954),
(1383,	'CZ',	'Kriegsmaterial',	'Wassenaar',	'KM1',	'2012',	168941),
(1384,	'CZ',	'Kriegsmaterial',	'Wassenaar',	'KM3',	'2012',	13454),
(1385,	'CZ',	'Kriegsmaterial',	'Wassenaar',	'KM8',	'2012',	1035),
(1386,	'TR',	'Kriegsmaterial',	'Wassenaar',	'KM1',	'2012',	151916),
(1387,	'TR',	'Kriegsmaterial',	'Wassenaar',	'KM2',	'2012',	341664),
(1388,	'TR',	'Kriegsmaterial',	'Wassenaar',	'KM3',	'2012',	621),
(1389,	'TR',	'Kriegsmaterial',	'Wassenaar',	'KM4',	'2012',	2200000),
(1390,	'TR',	'Kriegsmaterial',	'Wassenaar',	'KM5',	'2012',	19800),
(1391,	'TR',	'Kriegsmaterial',	'Wassenaar',	'KM8',	'2012',	275),
(1392,	'UA',	'Kriegsmaterial',	'Wassenaar',	'KM1',	'2012',	707644),
(1393,	'UA',	'Kriegsmaterial',	'Wassenaar',	'KM3',	'2012',	6901),
(1394,	'HU',	'Kriegsmaterial',	'Wassenaar',	'KM1',	'2012',	39776),
(1395,	'HU',	'Kriegsmaterial',	'Wassenaar',	'KM3',	'2012',	2836844),
(1396,	'HU',	'Kriegsmaterial',	'Wassenaar',	'KM7',	'2012',	1648),
(1397,	'HU',	'Kriegsmaterial',	'Wassenaar',	'KM8',	'2012',	12739),
(1398,	'CY',	'Kriegsmaterial',	'Wassenaar',	'KM3',	'2012',	6668),
(1399,	'CY',	'Kriegsmaterial',	'Wassenaar',	'KM5',	'2012',	259967),
(1400,	'BW',	'Kriegsmaterial',	'Wassenaar',	'KM6',	'2012',	17700),
(1401,	'GH',	'Kriegsmaterial',	'Wassenaar',	'KM2',	'2012',	280000),
(1402,	'NA',	'Kriegsmaterial',	'Wassenaar',	'KM1',	'2012',	999),
(1403,	'SC',	'Kriegsmaterial',	'Wassenaar',	'KM1',	'2012',	212699),
(1404,	'ZA',	'Kriegsmaterial',	'Wassenaar',	'KM1',	'2012',	76698),
(1405,	'ZA',	'Kriegsmaterial',	'Wassenaar',	'KM2',	'2012',	80400),
(1406,	'ZA',	'Kriegsmaterial',	'Wassenaar',	'KM3',	'2012',	676650),
(1407,	'ZA',	'Kriegsmaterial',	'Wassenaar',	'KM5',	'2012',	200328),
(1408,	'ZA',	'Kriegsmaterial',	'Wassenaar',	'KM8',	'2012',	64300),
(1409,	'BR',	'Kriegsmaterial',	'Wassenaar',	'KM2',	'2012',	215672),
(1410,	'BR',	'Kriegsmaterial',	'Wassenaar',	'KM3',	'2012',	102),
(1411,	'BR',	'Kriegsmaterial',	'Wassenaar',	'KM5',	'2012',	371484),
(1412,	'BR',	'Kriegsmaterial',	'Wassenaar',	'KM6',	'2012',	9811561),
(1413,	'BR',	'Kriegsmaterial',	'Wassenaar',	'KM8',	'2012',	933),
(1414,	'CL',	'Kriegsmaterial',	'Wassenaar',	'KM1',	'2012',	6112),
(1415,	'CL',	'Kriegsmaterial',	'Wassenaar',	'KM2',	'2012',	37359),
(1416,	'CL',	'Kriegsmaterial',	'Wassenaar',	'KM3',	'2012',	1438300),
(1417,	'CL',	'Kriegsmaterial',	'Wassenaar',	'KM5',	'2012',	423540),
(1418,	'CL',	'Kriegsmaterial',	'Wassenaar',	'KM6',	'2012',	7148),
(1419,	'EC',	'Kriegsmaterial',	'Wassenaar',	'KM5',	'2012',	1600),
(1420,	'CA',	'Kriegsmaterial',	'Wassenaar',	'KM1',	'2012',	629547),
(1421,	'CA',	'Kriegsmaterial',	'Wassenaar',	'KM2',	'2012',	16028),
(1422,	'CA',	'Kriegsmaterial',	'Wassenaar',	'KM3',	'2012',	70130),
(1423,	'CA',	'Kriegsmaterial',	'Wassenaar',	'KM6',	'2012',	1504255),
(1424,	'CA',	'Kriegsmaterial',	'Wassenaar',	'KM10',	'2012',	188722),
(1425,	'MX',	'Kriegsmaterial',	'Wassenaar',	'KM1',	'2012',	455011),
(1426,	'MX',	'Kriegsmaterial',	'Wassenaar',	'KM3',	'2012',	212206),
(1427,	'UY',	'Kriegsmaterial',	'Wassenaar',	'KM1',	'2012',	184),
(1428,	'UY',	'Kriegsmaterial',	'Wassenaar',	'KM3',	'2012',	24),
(1429,	'US',	'Kriegsmaterial',	'Wassenaar',	'KM1',	'2012',	2867511),
(1430,	'US',	'Kriegsmaterial',	'Wassenaar',	'KM2',	'2012',	41194),
(1431,	'US',	'Kriegsmaterial',	'Wassenaar',	'KM3',	'2012',	3907677),
(1432,	'US',	'Kriegsmaterial',	'Wassenaar',	'KM6',	'2012',	153920),
(1433,	'US',	'Kriegsmaterial',	'Wassenaar',	'KM8',	'2012',	589258),
(1434,	'US',	'Kriegsmaterial',	'Wassenaar',	'KM10',	'2012',	24334902),
(1435,	'US',	'Kriegsmaterial',	'Wassenaar',	'KM16',	'2012',	502149),
(1436,	'VE',	'Kriegsmaterial',	'Wassenaar',	'KM2',	'2012',	12646),
(1437,	'VE',	'Kriegsmaterial',	'Wassenaar',	'KM5',	'2012',	2719),
(1438,	'AE',	'Kriegsmaterial',	'Wassenaar',	'KM1',	'2012',	548436),
(1439,	'AE',	'Kriegsmaterial',	'Wassenaar',	'KM2',	'2012',	487653),
(1440,	'AE',	'Kriegsmaterial',	'Wassenaar',	'KM3',	'2012',	729319),
(1441,	'AE',	'Kriegsmaterial',	'Wassenaar',	'KM5',	'2012',	1082393),
(1442,	'AE',	'Kriegsmaterial',	'Wassenaar',	'KM10',	'2012',	129938400),
(1443,	'BH',	'Kriegsmaterial',	'Wassenaar',	'KM1',	'2012',	6935),
(1444,	'BH',	'Kriegsmaterial',	'Wassenaar',	'KM2',	'2012',	6460),
(1445,	'BH',	'Kriegsmaterial',	'Wassenaar',	'KM4',	'2012',	2705778),
(1446,	'BH',	'Kriegsmaterial',	'Wassenaar',	'KM5',	'2012',	104804),
(1447,	'BN',	'Kriegsmaterial',	'Wassenaar',	'KM3',	'2012',	179700),
(1448,	'HK',	'Kriegsmaterial',	'Wassenaar',	'KM1',	'2012',	19974),
(1449,	'HK',	'Kriegsmaterial',	'Wassenaar',	'KM3',	'2012',	79800),
(1450,	'IN',	'Kriegsmaterial',	'Wassenaar',	'KM1',	'2012',	2634758),
(1451,	'IN',	'Kriegsmaterial',	'Wassenaar',	'KM3',	'2012',	1431675),
(1452,	'IN',	'Kriegsmaterial',	'Wassenaar',	'KM5',	'2012',	22843206),
(1453,	'ID',	'Kriegsmaterial',	'Wassenaar',	'KM1',	'2012',	2626),
(1454,	'JP',	'Kriegsmaterial',	'Wassenaar',	'KM1',	'2012',	36017),
(1455,	'JP',	'Kriegsmaterial',	'Wassenaar',	'KM3',	'2012',	370281),
(1456,	'JP',	'Kriegsmaterial',	'Wassenaar',	'KM7',	'2012',	197408),
(1457,	'JO',	'Kriegsmaterial',	'Wassenaar',	'KM1',	'2012',	28378),
(1458,	'KZ',	'Kriegsmaterial',	'Wassenaar',	'KM1',	'2012',	5000),
(1459,	'QA',	'Kriegsmaterial',	'Wassenaar',	'KM1',	'2012',	77000),
(1460,	'KR',	'Kriegsmaterial',	'Wassenaar',	'KM1',	'2012',	27782),
(1461,	'KR',	'Kriegsmaterial',	'Wassenaar',	'KM2',	'2012',	530468),
(1462,	'KR',	'Kriegsmaterial',	'Wassenaar',	'KM3',	'2012',	395502),
(1463,	'KW',	'Kriegsmaterial',	'Wassenaar',	'KM1',	'2012',	157526),
(1464,	'KW',	'Kriegsmaterial',	'Wassenaar',	'KM3',	'2012',	142809),
(1465,	'MO',	'Kriegsmaterial',	'Wassenaar',	'KM1',	'2012',	141919),
(1466,	'MO',	'Kriegsmaterial',	'Wassenaar',	'KM3',	'2012',	835425),
(1467,	'MY',	'Kriegsmaterial',	'Wassenaar',	'KM1',	'2012',	24484),
(1468,	'MY',	'Kriegsmaterial',	'Wassenaar',	'KM2',	'2012',	538),
(1469,	'MY',	'Kriegsmaterial',	'Wassenaar',	'KM3',	'2012',	10802264),
(1470,	'MY',	'Kriegsmaterial',	'Wassenaar',	'KM5',	'2012',	497853),
(1471,	'MY',	'Kriegsmaterial',	'Wassenaar',	'KM8',	'2012',	4100),
(1472,	'MY',	'Kriegsmaterial',	'Wassenaar',	'KM10',	'2012',	2077),
(1473,	'OM',	'Kriegsmaterial',	'Wassenaar',	'KM3',	'2012',	4845280),
(1474,	'OM',	'Kriegsmaterial',	'Wassenaar',	'KM5',	'2012',	5995),
(1475,	'PK',	'Kriegsmaterial',	'Wassenaar',	'KM2',	'2012',	106359),
(1476,	'PK',	'Kriegsmaterial',	'Wassenaar',	'KM5',	'2012',	854320),
(1477,	'SA',	'Kriegsmaterial',	'Wassenaar',	'KM1',	'2012',	156624),
(1478,	'SA',	'Kriegsmaterial',	'Wassenaar',	'KM2',	'2012',	3586211),
(1479,	'SA',	'Kriegsmaterial',	'Wassenaar',	'KM3',	'2012',	2914887),
(1480,	'SA',	'Kriegsmaterial',	'Wassenaar',	'KM5',	'2012',	17553358),
(1481,	'SA',	'Kriegsmaterial',	'Wassenaar',	'KM10',	'2012',	547806),
(1482,	'SG',	'Kriegsmaterial',	'Wassenaar',	'KM1',	'2012',	287967),
(1483,	'SG',	'Kriegsmaterial',	'Wassenaar',	'KM2',	'2012',	878593),
(1484,	'SG',	'Kriegsmaterial',	'Wassenaar',	'KM3',	'2012',	321094),
(1485,	'SG',	'Kriegsmaterial',	'Wassenaar',	'KM5',	'2012',	108706),
(1486,	'SG',	'Kriegsmaterial',	'Wassenaar',	'KM6',	'2012',	164870),
(1487,	'SG',	'Kriegsmaterial',	'Wassenaar',	'KM8',	'2012',	105620),
(1488,	'TH',	'Kriegsmaterial',	'Wassenaar',	'KM1',	'2012',	902),
(1489,	'TH',	'Kriegsmaterial',	'Wassenaar',	'KM5',	'2012',	100370),
(1490,	'TH',	'Kriegsmaterial',	'Wassenaar',	'KM10',	'2012',	15040),
(1491,	'AU',	'Kriegsmaterial',	'Wassenaar',	'KM1',	'2012',	55344),
(1492,	'AU',	'Kriegsmaterial',	'Wassenaar',	'KM2',	'2012',	868),
(1493,	'AU',	'Kriegsmaterial',	'Wassenaar',	'KM3',	'2012',	5076830),
(1494,	'NZ',	'Kriegsmaterial',	'Wassenaar',	'KM1',	'2012',	48894),
(1495,	'BE',	'Kriegsmaterial',	'Wassenaar',	'KM1',	'2013',	392724),
(1496,	'BE',	'Kriegsmaterial',	'Wassenaar',	'KM2',	'2013',	21845),
(1497,	'BE',	'Kriegsmaterial',	'Wassenaar',	'KM3',	'2013',	1337611),
(1498,	'BE',	'Kriegsmaterial',	'Wassenaar',	'KM6',	'2013',	485134),
(1499,	'BE',	'Kriegsmaterial',	'Wassenaar',	'KM8',	'2013',	226010),
(1500,	'BA',	'Kriegsmaterial',	'Wassenaar',	'KM1',	'2013',	29598),
(1501,	'BA',	'Kriegsmaterial',	'Wassenaar',	'KM3',	'2013',	28388),
(1502,	'BA',	'Kriegsmaterial',	'Wassenaar',	'KM8',	'2013',	127394),
(1503,	'BG',	'Kriegsmaterial',	'Wassenaar',	'KM8',	'2013',	1002515),
(1504,	'DK',	'Kriegsmaterial',	'Wassenaar',	'KM1',	'2013',	2100),
(1505,	'DK',	'Kriegsmaterial',	'Wassenaar',	'KM2',	'2013',	1416056),
(1506,	'DK',	'Kriegsmaterial',	'Wassenaar',	'KM3',	'2013',	3437410),
(1507,	'DK',	'Kriegsmaterial',	'Wassenaar',	'KM5',	'2013',	111847),
(1508,	'DK',	'Kriegsmaterial',	'Wassenaar',	'KM6',	'2013',	3158127),
(1509,	'DK',	'Kriegsmaterial',	'Wassenaar',	'KM8',	'2013',	469247),
(1510,	'DE',	'Kriegsmaterial',	'Wassenaar',	'KM1',	'2013',	4262077),
(1511,	'DE',	'Kriegsmaterial',	'Wassenaar',	'KM2',	'2013',	9103227),
(1512,	'DE',	'Kriegsmaterial',	'Wassenaar',	'KM3',	'2013',	67606371),
(1513,	'DE',	'Kriegsmaterial',	'Wassenaar',	'KM4',	'2013',	151177),
(1514,	'DE',	'Kriegsmaterial',	'Wassenaar',	'KM5',	'2013',	12901737),
(1515,	'DE',	'Kriegsmaterial',	'Wassenaar',	'KM6',	'2013',	23218815),
(1516,	'DE',	'Kriegsmaterial',	'Wassenaar',	'KM7',	'2013',	8368),
(1517,	'DE',	'Kriegsmaterial',	'Wassenaar',	'KM8',	'2013',	6001644),
(1518,	'DE',	'Kriegsmaterial',	'Wassenaar',	'KM10',	'2013',	203371),
(1519,	'DE',	'Kriegsmaterial',	'Wassenaar',	'KM16',	'2013',	47518),
(1520,	'EE',	'Kriegsmaterial',	'Wassenaar',	'KM1',	'2013',	276721),
(1521,	'EE',	'Kriegsmaterial',	'Wassenaar',	'KM3',	'2013',	454552),
(1522,	'FI',	'Kriegsmaterial',	'Wassenaar',	'KM1',	'2013',	193417),
(1523,	'FI',	'Kriegsmaterial',	'Wassenaar',	'KM2',	'2013',	503756),
(1524,	'FI',	'Kriegsmaterial',	'Wassenaar',	'KM3',	'2013',	334561),
(1525,	'FI',	'Kriegsmaterial',	'Wassenaar',	'KM6',	'2013',	1191800),
(1526,	'FI',	'Kriegsmaterial',	'Wassenaar',	'KM8',	'2013',	16578),
(1527,	'FI',	'Kriegsmaterial',	'Wassenaar',	'KM10',	'2013',	242119),
(1528,	'FI',	'Kriegsmaterial',	'Wassenaar',	'KM16',	'2013',	189251),
(1529,	'FR',	'Kriegsmaterial',	'Wassenaar',	'KM1',	'2013',	1201033),
(1530,	'FR',	'Kriegsmaterial',	'Wassenaar',	'KM2',	'2013',	4513864),
(1531,	'FR',	'Kriegsmaterial',	'Wassenaar',	'KM3',	'2013',	12452048),
(1532,	'FR',	'Kriegsmaterial',	'Wassenaar',	'KM4',	'2013',	82298),
(1533,	'FR',	'Kriegsmaterial',	'Wassenaar',	'KM5',	'2013',	196333),
(1534,	'FR',	'Kriegsmaterial',	'Wassenaar',	'KM6',	'2013',	9646),
(1535,	'FR',	'Kriegsmaterial',	'Wassenaar',	'KM8',	'2013',	1192943),
(1536,	'FR',	'Kriegsmaterial',	'Wassenaar',	'KM10',	'2013',	7872414),
(1537,	'FR',	'Kriegsmaterial',	'Wassenaar',	'KM16',	'2013',	26947),
(1538,	'GR',	'Kriegsmaterial',	'Wassenaar',	'KM1',	'2013',	6330),
(1539,	'GR',	'Kriegsmaterial',	'Wassenaar',	'KM2',	'2013',	70839),
(1540,	'GR',	'Kriegsmaterial',	'Wassenaar',	'KM3',	'2013',	25200),
(1541,	'GR',	'Kriegsmaterial',	'Wassenaar',	'KM5',	'2013',	335137),
(1542,	'GB',	'Kriegsmaterial',	'Wassenaar',	'KM1',	'2013',	433385),
(1543,	'GB',	'Kriegsmaterial',	'Wassenaar',	'KM2',	'2013',	16443529),
(1544,	'GB',	'Kriegsmaterial',	'Wassenaar',	'KM3',	'2013',	5198857),
(1545,	'GB',	'Kriegsmaterial',	'Wassenaar',	'KM4',	'2013',	6781483),
(1546,	'GB',	'Kriegsmaterial',	'Wassenaar',	'KM5',	'2013',	2154895),
(1547,	'GB',	'Kriegsmaterial',	'Wassenaar',	'KM8',	'2013',	6571358),
(1548,	'GB',	'Kriegsmaterial',	'Wassenaar',	'KM10',	'2013',	498530),
(1549,	'IE',	'Kriegsmaterial',	'Wassenaar',	'KM3',	'2013',	3894),
(1550,	'IT',	'Kriegsmaterial',	'Wassenaar',	'KM1',	'2013',	617775),
(1551,	'IT',	'Kriegsmaterial',	'Wassenaar',	'KM2',	'2013',	22526587),
(1552,	'IT',	'Kriegsmaterial',	'Wassenaar',	'KM3',	'2013',	12069890),
(1553,	'IT',	'Kriegsmaterial',	'Wassenaar',	'KM5',	'2013',	23167157),
(1554,	'IT',	'Kriegsmaterial',	'Wassenaar',	'KM8',	'2013',	454185),
(1555,	'IT',	'Kriegsmaterial',	'Wassenaar',	'KM16',	'2013',	19110),
(1556,	'XK',	'Kriegsmaterial',	'Wassenaar',	'KM3',	'2013',	72917),
(1557,	'HR',	'Kriegsmaterial',	'Wassenaar',	'KM1',	'2013',	16103),
(1558,	'LV',	'Kriegsmaterial',	'Wassenaar',	'KM1',	'2013',	2247),
(1559,	'LT',	'Kriegsmaterial',	'Wassenaar',	'KM1',	'2013',	7652),
(1560,	'LT',	'Kriegsmaterial',	'Wassenaar',	'KM8',	'2013',	300),
(1561,	'LU',	'Kriegsmaterial',	'Wassenaar',	'KM1',	'2013',	2422),
(1562,	'LU',	'Kriegsmaterial',	'Wassenaar',	'KM3',	'2013',	118085),
(1563,	'MT',	'Kriegsmaterial',	'Wassenaar',	'KM1',	'2013',	7611),
(1564,	'NL',	'Kriegsmaterial',	'Wassenaar',	'KM1',	'2013',	108462),
(1565,	'NL',	'Kriegsmaterial',	'Wassenaar',	'KM2',	'2013',	1901456),
(1566,	'NL',	'Kriegsmaterial',	'Wassenaar',	'KM3',	'2013',	1503755),
(1567,	'NL',	'Kriegsmaterial',	'Wassenaar',	'KM6',	'2013',	2816160),
(1568,	'NL',	'Kriegsmaterial',	'Wassenaar',	'KM8',	'2013',	171),
(1569,	'NL',	'Kriegsmaterial',	'Wassenaar',	'KM10',	'2013',	542455),
(1570,	'NL',	'Kriegsmaterial',	'Wassenaar',	'KM16',	'2013',	8220),
(1571,	'NO',	'Kriegsmaterial',	'Wassenaar',	'KM1',	'2013',	103179),
(1572,	'NO',	'Kriegsmaterial',	'Wassenaar',	'KM2',	'2013',	681768),
(1573,	'NO',	'Kriegsmaterial',	'Wassenaar',	'KM3',	'2013',	6542328),
(1574,	'NO',	'Kriegsmaterial',	'Wassenaar',	'KM4',	'2013',	112595),
(1575,	'NO',	'Kriegsmaterial',	'Wassenaar',	'KM6',	'2013',	1032250),
(1576,	'NO',	'Kriegsmaterial',	'Wassenaar',	'KM8',	'2013',	763524),
(1577,	'AT',	'Kriegsmaterial',	'Wassenaar',	'KM1',	'2013',	429026),
(1578,	'AT',	'Kriegsmaterial',	'Wassenaar',	'KM2',	'2013',	90172),
(1579,	'AT',	'Kriegsmaterial',	'Wassenaar',	'KM3',	'2013',	382037),
(1580,	'AT',	'Kriegsmaterial',	'Wassenaar',	'KM5',	'2013',	3035079),
(1581,	'AT',	'Kriegsmaterial',	'Wassenaar',	'KM6',	'2013',	62020),
(1582,	'AT',	'Kriegsmaterial',	'Wassenaar',	'KM8',	'2013',	1762),
(1583,	'PL',	'Kriegsmaterial',	'Wassenaar',	'KM1',	'2013',	32613),
(1584,	'PL',	'Kriegsmaterial',	'Wassenaar',	'KM3',	'2013',	12045),
(1585,	'PL',	'Kriegsmaterial',	'Wassenaar',	'KM8',	'2013',	38888),
(1586,	'PT',	'Kriegsmaterial',	'Wassenaar',	'KM3',	'2013',	67560),
(1587,	'RO',	'Kriegsmaterial',	'Wassenaar',	'KM2',	'2013',	40975),
(1588,	'RO',	'Kriegsmaterial',	'Wassenaar',	'KM3',	'2013',	180073),
(1589,	'RU',	'Kriegsmaterial',	'Wassenaar',	'KM1',	'2013',	180073),
(1590,	'RU',	'Kriegsmaterial',	'Wassenaar',	'KM3',	'2013',	432725),
(1591,	'SE',	'Kriegsmaterial',	'Wassenaar',	'KM1',	'2013',	155482),
(1592,	'SE',	'Kriegsmaterial',	'Wassenaar',	'KM2',	'2013',	1460480),
(1593,	'SE',	'Kriegsmaterial',	'Wassenaar',	'KM3',	'2013',	8822250),
(1594,	'SE',	'Kriegsmaterial',	'Wassenaar',	'KM4',	'2013',	450661),
(1595,	'SE',	'Kriegsmaterial',	'Wassenaar',	'KM5',	'2013',	2091989),
(1596,	'SE',	'Kriegsmaterial',	'Wassenaar',	'KM6',	'2013',	1725915),
(1597,	'SE',	'Kriegsmaterial',	'Wassenaar',	'KM8',	'2013',	1691556),
(1598,	'SE',	'Kriegsmaterial',	'Wassenaar',	'KM10',	'2013',	824960),
(1599,	'SE',	'Kriegsmaterial',	'Wassenaar',	'KM16',	'2013',	177861),
(1600,	'RS',	'Kriegsmaterial',	'Wassenaar',	'KM10',	'2013',	70257),
(1601,	'SK',	'Kriegsmaterial',	'Wassenaar',	'KM1',	'2013',	11889),
(1602,	'SK',	'Kriegsmaterial',	'Wassenaar',	'KM3',	'2013',	8058),
(1603,	'SI',	'Kriegsmaterial',	'Wassenaar',	'KM1',	'2013',	19031),
(1604,	'ES',	'Kriegsmaterial',	'Wassenaar',	'KM1',	'2013',	59604),
(1605,	'ES',	'Kriegsmaterial',	'Wassenaar',	'KM2',	'2013',	1218672),
(1606,	'ES',	'Kriegsmaterial',	'Wassenaar',	'KM3',	'2013',	1256485),
(1607,	'ES',	'Kriegsmaterial',	'Wassenaar',	'KM5',	'2013',	302315),
(1608,	'ES',	'Kriegsmaterial',	'Wassenaar',	'KM6',	'2013',	15735647),
(1609,	'ES',	'Kriegsmaterial',	'Wassenaar',	'KM8',	'2013',	56480),
(1610,	'ES',	'Kriegsmaterial',	'Wassenaar',	'KM10',	'2013',	623011),
(1611,	'CZ',	'Kriegsmaterial',	'Wassenaar',	'KM1',	'2013',	399546),
(1612,	'CZ',	'Kriegsmaterial',	'Wassenaar',	'KM2',	'2013',	3738),
(1613,	'CZ',	'Kriegsmaterial',	'Wassenaar',	'KM3',	'2013',	74219),
(1614,	'CZ',	'Kriegsmaterial',	'Wassenaar',	'KM6',	'2013',	36000),
(1615,	'TR',	'Kriegsmaterial',	'Wassenaar',	'KM1',	'2013',	108152),
(1616,	'TR',	'Kriegsmaterial',	'Wassenaar',	'KM2',	'2013',	3038518),
(1617,	'TR',	'Kriegsmaterial',	'Wassenaar',	'KM3',	'2013',	142507),
(1618,	'TR',	'Kriegsmaterial',	'Wassenaar',	'KM5',	'2013',	825323),
(1619,	'UA',	'Kriegsmaterial',	'Wassenaar',	'KM1',	'2013',	168523),
(1620,	'UA',	'Kriegsmaterial',	'Wassenaar',	'KM3',	'2013',	13924),
(1621,	'HU',	'Kriegsmaterial',	'Wassenaar',	'KM1',	'2013',	76710),
(1622,	'HU',	'Kriegsmaterial',	'Wassenaar',	'KM2',	'2013',	3833),
(1623,	'HU',	'Kriegsmaterial',	'Wassenaar',	'KM3',	'2013',	1577447),
(1624,	'HU',	'Kriegsmaterial',	'Wassenaar',	'KM8',	'2013',	30188),
(1625,	'CY',	'Kriegsmaterial',	'Wassenaar',	'KM5',	'2013',	6095366),
(1626,	'GH',	'Kriegsmaterial',	'Wassenaar',	'KM2',	'2013',	50000),
(1627,	'KE',	'Kriegsmaterial',	'Wassenaar',	'KM1',	'2013',	138134),
(1628,	'KE',	'Kriegsmaterial',	'Wassenaar',	'KM3',	'2013',	49711),
(1629,	'ML',	'Kriegsmaterial',	'Wassenaar',	'KM1',	'2013',	883),
(1630,	'SC',	'Kriegsmaterial',	'Wassenaar',	'KM3',	'2013',	24138),
(1631,	'ZA',	'Kriegsmaterial',	'Wassenaar',	'KM2',	'2013',	71010),
(1632,	'ZA',	'Kriegsmaterial',	'Wassenaar',	'KM3',	'2013',	56550),
(1633,	'ZA',	'Kriegsmaterial',	'Wassenaar',	'KM8',	'2013',	1669630),
(1634,	'AR',	'Kriegsmaterial',	'Wassenaar',	'KM5',	'2013',	258160),
(1635,	'BR',	'Kriegsmaterial',	'Wassenaar',	'KM2',	'2013',	215672),
(1636,	'BR',	'Kriegsmaterial',	'Wassenaar',	'KM5',	'2013',	617160),
(1637,	'BR',	'Kriegsmaterial',	'Wassenaar',	'KM6',	'2013',	9721028),
(1638,	'BR',	'Kriegsmaterial',	'Wassenaar',	'KM8',	'2013',	196000),
(1639,	'CL',	'Kriegsmaterial',	'Wassenaar',	'KM1',	'2013',	2390),
(1640,	'CL',	'Kriegsmaterial',	'Wassenaar',	'KM2',	'2013',	31626),
(1641,	'CL',	'Kriegsmaterial',	'Wassenaar',	'KM3',	'2013',	93802),
(1642,	'CL',	'Kriegsmaterial',	'Wassenaar',	'KM5',	'2013',	215349),
(1643,	'CL',	'Kriegsmaterial',	'Wassenaar',	'KM6',	'2013',	20556),
(1644,	'EC',	'Kriegsmaterial',	'Wassenaar',	'KM1',	'2013',	1066),
(1645,	'EC',	'Kriegsmaterial',	'Wassenaar',	'KM3',	'2013',	81090),
(1646,	'CA',	'Kriegsmaterial',	'Wassenaar',	'KM1',	'2013',	991828),
(1647,	'CA',	'Kriegsmaterial',	'Wassenaar',	'KM2',	'2013',	2379),
(1648,	'CA',	'Kriegsmaterial',	'Wassenaar',	'KM3',	'2013',	103666),
(1649,	'CA',	'Kriegsmaterial',	'Wassenaar',	'KM6',	'2013',	2825924),
(1650,	'CA',	'Kriegsmaterial',	'Wassenaar',	'KM10',	'2013',	266054),
(1651,	'MX',	'Kriegsmaterial',	'Wassenaar',	'KM1',	'2013',	763388),
(1652,	'US',	'Kriegsmaterial',	'Wassenaar',	'KM1',	'2013',	6783817),
(1653,	'US',	'Kriegsmaterial',	'Wassenaar',	'KM2',	'2013',	6971),
(1654,	'US',	'Kriegsmaterial',	'Wassenaar',	'KM3',	'2013',	9358619),
(1655,	'US',	'Kriegsmaterial',	'Wassenaar',	'KM5',	'2013',	69061),
(1656,	'US',	'Kriegsmaterial',	'Wassenaar',	'KM6',	'2013',	40608),
(1657,	'US',	'Kriegsmaterial',	'Wassenaar',	'KM7',	'2013',	64901),
(1658,	'US',	'Kriegsmaterial',	'Wassenaar',	'KM8',	'2013',	1239018),
(1659,	'US',	'Kriegsmaterial',	'Wassenaar',	'KM10',	'2013',	24986562),
(1660,	'US',	'Kriegsmaterial',	'Wassenaar',	'KM16',	'2013',	1230549),
(1661,	'VE',	'Kriegsmaterial',	'Wassenaar',	'KM2',	'2013',	338),
(1662,	'AE',	'Kriegsmaterial',	'Wassenaar',	'KM1',	'2013',	264953),
(1663,	'AE',	'Kriegsmaterial',	'Wassenaar',	'KM2',	'2013',	524973),
(1664,	'AE',	'Kriegsmaterial',	'Wassenaar',	'KM3',	'2013',	8224635),
(1665,	'AE',	'Kriegsmaterial',	'Wassenaar',	'KM5',	'2013',	1142790),
(1666,	'AE',	'Kriegsmaterial',	'Wassenaar',	'KM6',	'2013',	35905),
(1667,	'BH',	'Kriegsmaterial',	'Wassenaar',	'KM5',	'2013',	3774000),
(1668,	'BN',	'Kriegsmaterial',	'Wassenaar',	'KM1',	'2013',	104402),
(1669,	'BN',	'Kriegsmaterial',	'Wassenaar',	'KM3',	'2013',	179700),
(1670,	'HK',	'Kriegsmaterial',	'Wassenaar',	'KM1',	'2013',	44776),
(1671,	'HK',	'Kriegsmaterial',	'Wassenaar',	'KM3',	'2013',	600),
(1672,	'IN',	'Kriegsmaterial',	'Wassenaar',	'KM1',	'2013',	3811923),
(1673,	'IN',	'Kriegsmaterial',	'Wassenaar',	'KM3',	'2013',	312424),
(1674,	'IN',	'Kriegsmaterial',	'Wassenaar',	'KM5',	'2013',	972317),
(1675,	'IN',	'Kriegsmaterial',	'Wassenaar',	'KM10',	'2013',	44056),
(1676,	'ID',	'Kriegsmaterial',	'Wassenaar',	'KM1',	'2013',	26674),
(1677,	'ID',	'Kriegsmaterial',	'Wassenaar',	'KM3',	'2013',	130841),
(1678,	'IL',	'Kriegsmaterial',	'Wassenaar',	'KM6',	'2013',	2400),
(1679,	'IL',	'Kriegsmaterial',	'Wassenaar',	'KM10',	'2013',	47244),
(1680,	'JP',	'Kriegsmaterial',	'Wassenaar',	'KM1',	'2013',	73915),
(1681,	'JP',	'Kriegsmaterial',	'Wassenaar',	'KM2',	'2013',	11268),
(1682,	'JP',	'Kriegsmaterial',	'Wassenaar',	'KM3',	'2013',	337535),
(1683,	'JP',	'Kriegsmaterial',	'Wassenaar',	'KM7',	'2013',	102825),
(1684,	'JO',	'Kriegsmaterial',	'Wassenaar',	'KM1',	'2013',	179560),
(1685,	'JO',	'Kriegsmaterial',	'Wassenaar',	'KM3',	'2013',	233646),
(1686,	'QA',	'Kriegsmaterial',	'Wassenaar',	'KM3',	'2013',	19258),
(1687,	'KR',	'Kriegsmaterial',	'Wassenaar',	'KM1',	'2013',	1921),
(1688,	'KR',	'Kriegsmaterial',	'Wassenaar',	'KM2',	'2013',	802347),
(1689,	'KR',	'Kriegsmaterial',	'Wassenaar',	'KM3',	'2013',	707579),
(1690,	'KR',	'Kriegsmaterial',	'Wassenaar',	'KM4',	'2013',	3415928),
(1691,	'KW',	'Kriegsmaterial',	'Wassenaar',	'KM1',	'2013',	26466),
(1692,	'KW',	'Kriegsmaterial',	'Wassenaar',	'KM2',	'2013',	109500),
(1693,	'LB',	'Kriegsmaterial',	'Wassenaar',	'KM1',	'2013',	473752),
(1694,	'MO',	'Kriegsmaterial',	'Wassenaar',	'KM1',	'2013',	45476),
(1695,	'MO',	'Kriegsmaterial',	'Wassenaar',	'KM3',	'2013',	572021),
(1696,	'MY',	'Kriegsmaterial',	'Wassenaar',	'KM1',	'2013',	56418),
(1697,	'MY',	'Kriegsmaterial',	'Wassenaar',	'KM3',	'2013',	199245),
(1698,	'MY',	'Kriegsmaterial',	'Wassenaar',	'KM5',	'2013',	220765),
(1699,	'OM',	'Kriegsmaterial',	'Wassenaar',	'KM2',	'2013',	24187),
(1700,	'OM',	'Kriegsmaterial',	'Wassenaar',	'KM3',	'2013',	815800),
(1701,	'PK',	'Kriegsmaterial',	'Wassenaar',	'KM5',	'2013',	769846),
(1702,	'SA',	'Kriegsmaterial',	'Wassenaar',	'KM1',	'2013',	906),
(1703,	'SA',	'Kriegsmaterial',	'Wassenaar',	'KM2',	'2013',	4265803),
(1704,	'SA',	'Kriegsmaterial',	'Wassenaar',	'KM3',	'2013',	3400000),
(1705,	'SA',	'Kriegsmaterial',	'Wassenaar',	'KM5',	'2013',	14230435),
(1706,	'SG',	'Kriegsmaterial',	'Wassenaar',	'KM1',	'2013',	157536),
(1707,	'SG',	'Kriegsmaterial',	'Wassenaar',	'KM2',	'2013',	107730),
(1708,	'SG',	'Kriegsmaterial',	'Wassenaar',	'KM3',	'2013',	7437062),
(1709,	'SG',	'Kriegsmaterial',	'Wassenaar',	'KM5',	'2013',	322978),
(1710,	'SG',	'Kriegsmaterial',	'Wassenaar',	'KM6',	'2013',	114610),
(1711,	'SG',	'Kriegsmaterial',	'Wassenaar',	'KM8',	'2013',	2406118),
(1712,	'SG',	'Kriegsmaterial',	'Wassenaar',	'KM10',	'2013',	1300),
(1713,	'TH',	'Kriegsmaterial',	'Wassenaar',	'KM5',	'2013',	458390),
(1714,	'TH',	'Kriegsmaterial',	'Wassenaar',	'KM10',	'2013',	15084),
(1715,	'VN',	'Kriegsmaterial',	'Wassenaar',	'KM1',	'2013',	692),
(1716,	'VN',	'Kriegsmaterial',	'Wassenaar',	'KM3',	'2013',	340),
(1717,	'AU',	'Kriegsmaterial',	'Wassenaar',	'KM1',	'2013',	53762),
(1718,	'AU',	'Kriegsmaterial',	'Wassenaar',	'KM3',	'2013',	2296407),
(1719,	'NZ',	'Kriegsmaterial',	'Wassenaar',	'KM1',	'2013',	67354),
(1720,	'NZ',	'Kriegsmaterial',	'Wassenaar',	'KM2',	'2013',	120),
(1721,	'BE',	'Kriegsmaterial',	'Wassenaar',	'KM1',	'2014',	579313),
(1722,	'BE',	'Kriegsmaterial',	'Wassenaar',	'KM3',	'2014',	3245409),
(1723,	'BE',	'Kriegsmaterial',	'Wassenaar',	'KM6',	'2014',	121898),
(1724,	'BE',	'Kriegsmaterial',	'Wassenaar',	'KM8',	'2014',	814633),
(1725,	'BE',	'Kriegsmaterial',	'Wassenaar',	'KM10',	'2014',	918567),
(1726,	'BA',	'Kriegsmaterial',	'Wassenaar',	'KM1',	'2014',	19962),
(1727,	'BA',	'Kriegsmaterial',	'Wassenaar',	'KM2',	'2014',	5403),
(1728,	'BA',	'Kriegsmaterial',	'Wassenaar',	'KM8',	'2014',	93466),
(1729,	'BG',	'Kriegsmaterial',	'Wassenaar',	'KM1',	'2014',	17274),
(1730,	'BG',	'Kriegsmaterial',	'Wassenaar',	'KM3',	'2014',	6051),
(1731,	'BG',	'Kriegsmaterial',	'Wassenaar',	'KM8',	'2014',	3133177),
(1732,	'DK',	'Kriegsmaterial',	'Wassenaar',	'KM1',	'2014',	15564),
(1733,	'DK',	'Kriegsmaterial',	'Wassenaar',	'KM2',	'2014',	3126522),
(1734,	'DK',	'Kriegsmaterial',	'Wassenaar',	'KM3',	'2014',	3356823),
(1735,	'DK',	'Kriegsmaterial',	'Wassenaar',	'KM5',	'2014',	246),
(1736,	'DK',	'Kriegsmaterial',	'Wassenaar',	'KM6',	'2014',	354644),
(1737,	'DK',	'Kriegsmaterial',	'Wassenaar',	'KM8',	'2014',	199892),
(1738,	'DE',	'Kriegsmaterial',	'Wassenaar',	'KM1',	'2014',	5499866),
(1739,	'DE',	'Kriegsmaterial',	'Wassenaar',	'KM2',	'2014',	18746285),
(1740,	'DE',	'Kriegsmaterial',	'Wassenaar',	'KM3',	'2014',	45478378),
(1741,	'DE',	'Kriegsmaterial',	'Wassenaar',	'KM4',	'2014',	102168),
(1742,	'DE',	'Kriegsmaterial',	'Wassenaar',	'KM5',	'2014',	11427283),
(1743,	'DE',	'Kriegsmaterial',	'Wassenaar',	'KM6',	'2014',	100805321),
(1744,	'DE',	'Kriegsmaterial',	'Wassenaar',	'KM7',	'2014',	14453),
(1745,	'DE',	'Kriegsmaterial',	'Wassenaar',	'KM8',	'2014',	3777071),
(1746,	'DE',	'Kriegsmaterial',	'Wassenaar',	'KM10',	'2014',	1084310),
(1747,	'DE',	'Kriegsmaterial',	'Wassenaar',	'KM16',	'2014',	63532),
(1748,	'EE',	'Kriegsmaterial',	'Wassenaar',	'KM1',	'2014',	185106),
(1749,	'EE',	'Kriegsmaterial',	'Wassenaar',	'KM3',	'2014',	9426),
(1750,	'FI',	'Kriegsmaterial',	'Wassenaar',	'KM1',	'2014',	86650),
(1751,	'FI',	'Kriegsmaterial',	'Wassenaar',	'KM2',	'2014',	866081),
(1752,	'FI',	'Kriegsmaterial',	'Wassenaar',	'KM3',	'2014',	36104),
(1753,	'FI',	'Kriegsmaterial',	'Wassenaar',	'KM6',	'2014',	310478),
(1754,	'FI',	'Kriegsmaterial',	'Wassenaar',	'KM10',	'2014',	717859),
(1755,	'FR',	'Kriegsmaterial',	'Wassenaar',	'KM1',	'2014',	1625956),
(1756,	'FR',	'Kriegsmaterial',	'Wassenaar',	'KM2',	'2014',	2196351),
(1757,	'FR',	'Kriegsmaterial',	'Wassenaar',	'KM3',	'2014',	4614625),
(1758,	'FR',	'Kriegsmaterial',	'Wassenaar',	'KM4',	'2014',	255622),
(1759,	'FR',	'Kriegsmaterial',	'Wassenaar',	'KM5',	'2014',	211870),
(1760,	'FR',	'Kriegsmaterial',	'Wassenaar',	'KM8',	'2014',	1083555),
(1761,	'FR',	'Kriegsmaterial',	'Wassenaar',	'KM10',	'2014',	10560066),
(1762,	'FR',	'Kriegsmaterial',	'Wassenaar',	'KM16',	'2014',	163576),
(1763,	'GE',	'Kriegsmaterial',	'Wassenaar',	'KM1',	'2014',	4185),
(1764,	'GR',	'Kriegsmaterial',	'Wassenaar',	'KM1',	'2014',	32562),
(1765,	'GR',	'Kriegsmaterial',	'Wassenaar',	'KM2',	'2014',	180232),
(1766,	'GR',	'Kriegsmaterial',	'Wassenaar',	'KM5',	'2014',	1840354),
(1767,	'GR',	'Kriegsmaterial',	'Wassenaar',	'KM6',	'2014',	3538),
(1768,	'GB',	'Kriegsmaterial',	'Wassenaar',	'KM1',	'2014',	322563),
(1769,	'GB',	'Kriegsmaterial',	'Wassenaar',	'KM2',	'2014',	14737382),
(1770,	'GB',	'Kriegsmaterial',	'Wassenaar',	'KM3',	'2014',	220616),
(1771,	'GB',	'Kriegsmaterial',	'Wassenaar',	'KM5',	'2014',	1483809),
(1772,	'GB',	'Kriegsmaterial',	'Wassenaar',	'KM6',	'2014',	6651),
(1773,	'GB',	'Kriegsmaterial',	'Wassenaar',	'KM7',	'2014',	10937),
(1774,	'GB',	'Kriegsmaterial',	'Wassenaar',	'KM8',	'2014',	3195985),
(1775,	'GB',	'Kriegsmaterial',	'Wassenaar',	'KM10',	'2014',	884097),
(1776,	'IE',	'Kriegsmaterial',	'Wassenaar',	'KM1',	'2014',	4920),
(1777,	'IE',	'Kriegsmaterial',	'Wassenaar',	'KM6',	'2014',	95791),
(1778,	'IS',	'Kriegsmaterial',	'Wassenaar',	'KM1',	'2014',	2730),
(1779,	'IS',	'Kriegsmaterial',	'Wassenaar',	'KM2',	'2014',	2741),
(1780,	'IT',	'Kriegsmaterial',	'Wassenaar',	'KM1',	'2014',	1496858),
(1781,	'IT',	'Kriegsmaterial',	'Wassenaar',	'KM2',	'2014',	19613574),
(1782,	'IT',	'Kriegsmaterial',	'Wassenaar',	'KM3',	'2014',	5859141),
(1783,	'IT',	'Kriegsmaterial',	'Wassenaar',	'KM5',	'2014',	21993921),
(1784,	'IT',	'Kriegsmaterial',	'Wassenaar',	'KM8',	'2014',	391390),
(1785,	'IT',	'Kriegsmaterial',	'Wassenaar',	'KM10',	'2014',	5398),
(1786,	'IT',	'Kriegsmaterial',	'Wassenaar',	'KM16',	'2014',	9540),
(1787,	'XK',	'Kriegsmaterial',	'Wassenaar',	'KM3',	'2014',	33500),
(1788,	'HR',	'Kriegsmaterial',	'Wassenaar',	'KM3',	'2014',	72424),
(1789,	'LV',	'Kriegsmaterial',	'Wassenaar',	'KM3',	'2014',	4532),
(1790,	'LT',	'Kriegsmaterial',	'Wassenaar',	'KM1',	'2014',	64740),
(1791,	'LU',	'Kriegsmaterial',	'Wassenaar',	'KM1',	'2014',	56451),
(1792,	'LU',	'Kriegsmaterial',	'Wassenaar',	'KM2',	'2014',	594),
(1793,	'LU',	'Kriegsmaterial',	'Wassenaar',	'KM3',	'2014',	108958),
(1794,	'LU',	'Kriegsmaterial',	'Wassenaar',	'KM6',	'2014',	47370),
(1795,	'MT',	'Kriegsmaterial',	'Wassenaar',	'KM1',	'2014',	87440),
(1796,	'MT',	'Kriegsmaterial',	'Wassenaar',	'KM3',	'2014',	74423),
(1797,	'NL',	'Kriegsmaterial',	'Wassenaar',	'KM1',	'2014',	175066),
(1798,	'NL',	'Kriegsmaterial',	'Wassenaar',	'KM2',	'2014',	613076),
(1799,	'NL',	'Kriegsmaterial',	'Wassenaar',	'KM3',	'2014',	178920),
(1800,	'NL',	'Kriegsmaterial',	'Wassenaar',	'KM5',	'2014',	249000),
(1801,	'NL',	'Kriegsmaterial',	'Wassenaar',	'KM6',	'2014',	3144688),
(1802,	'NL',	'Kriegsmaterial',	'Wassenaar',	'KM8',	'2014',	111728),
(1803,	'NO',	'Kriegsmaterial',	'Wassenaar',	'KM1',	'2014',	63550),
(1804,	'NO',	'Kriegsmaterial',	'Wassenaar',	'KM2',	'2014',	38000),
(1805,	'NO',	'Kriegsmaterial',	'Wassenaar',	'KM3',	'2014',	720106),
(1806,	'NO',	'Kriegsmaterial',	'Wassenaar',	'KM4',	'2014',	132119),
(1807,	'NO',	'Kriegsmaterial',	'Wassenaar',	'KM6',	'2014',	4193566),
(1808,	'NO',	'Kriegsmaterial',	'Wassenaar',	'KM8',	'2014',	402714),
(1809,	'AT',	'Kriegsmaterial',	'Wassenaar',	'KM1',	'2014',	220943),
(1810,	'AT',	'Kriegsmaterial',	'Wassenaar',	'KM2',	'2014',	11177),
(1811,	'AT',	'Kriegsmaterial',	'Wassenaar',	'KM3',	'2014',	4527159),
(1812,	'AT',	'Kriegsmaterial',	'Wassenaar',	'KM5',	'2014',	456974),
(1813,	'AT',	'Kriegsmaterial',	'Wassenaar',	'KM6',	'2014',	2550),
(1814,	'AT',	'Kriegsmaterial',	'Wassenaar',	'KM8',	'2014',	88344),
(1815,	'PL',	'Kriegsmaterial',	'Wassenaar',	'KM1',	'2014',	684287),
(1816,	'PL',	'Kriegsmaterial',	'Wassenaar',	'KM3',	'2014',	329829),
(1817,	'PL',	'Kriegsmaterial',	'Wassenaar',	'KM6',	'2014',	19000),
(1818,	'PL',	'Kriegsmaterial',	'Wassenaar',	'KM8',	'2014',	78696),
(1819,	'PT',	'Kriegsmaterial',	'Wassenaar',	'KM3',	'2014',	6408),
(1820,	'RO',	'Kriegsmaterial',	'Wassenaar',	'KM1',	'2014',	34284),
(1821,	'RU',	'Kriegsmaterial',	'Wassenaar',	'KM1',	'2014',	536172),
(1822,	'SE',	'Kriegsmaterial',	'Wassenaar',	'KM1',	'2014',	166917),
(1823,	'SE',	'Kriegsmaterial',	'Wassenaar',	'KM2',	'2014',	363520),
(1824,	'SE',	'Kriegsmaterial',	'Wassenaar',	'KM3',	'2014',	7589537),
(1825,	'SE',	'Kriegsmaterial',	'Wassenaar',	'KM4',	'2014',	109031),
(1826,	'SE',	'Kriegsmaterial',	'Wassenaar',	'KM5',	'2014',	1762319),
(1827,	'SE',	'Kriegsmaterial',	'Wassenaar',	'KM6',	'2014',	516310),
(1828,	'SE',	'Kriegsmaterial',	'Wassenaar',	'KM8',	'2014',	1692092),
(1829,	'SE',	'Kriegsmaterial',	'Wassenaar',	'KM10',	'2014',	268638),
(1830,	'SK',	'Kriegsmaterial',	'Wassenaar',	'KM1',	'2014',	9017),
(1831,	'SI',	'Kriegsmaterial',	'Wassenaar',	'KM3',	'2014',	185),
(1832,	'ES',	'Kriegsmaterial',	'Wassenaar',	'KM1',	'2014',	50819),
(1833,	'ES',	'Kriegsmaterial',	'Wassenaar',	'KM2',	'2014',	4973155),
(1834,	'ES',	'Kriegsmaterial',	'Wassenaar',	'KM3',	'2014',	960679),
(1835,	'ES',	'Kriegsmaterial',	'Wassenaar',	'KM5',	'2014',	1107527),
(1836,	'ES',	'Kriegsmaterial',	'Wassenaar',	'KM8',	'2014',	223989),
(1837,	'ES',	'Kriegsmaterial',	'Wassenaar',	'KM10',	'2014',	418333),
(1838,	'CZ',	'Kriegsmaterial',	'Wassenaar',	'KM1',	'2014',	479188),
(1839,	'CZ',	'Kriegsmaterial',	'Wassenaar',	'KM2',	'2014',	30794),
(1840,	'CZ',	'Kriegsmaterial',	'Wassenaar',	'KM3',	'2014',	16275),
(1841,	'CZ',	'Kriegsmaterial',	'Wassenaar',	'KM5',	'2014',	17135),
(1842,	'CZ',	'Kriegsmaterial',	'Wassenaar',	'KM8',	'2014',	492),
(1843,	'TR',	'Kriegsmaterial',	'Wassenaar',	'KM1',	'2014',	1382814),
(1844,	'TR',	'Kriegsmaterial',	'Wassenaar',	'KM2',	'2014',	306610),
(1845,	'TR',	'Kriegsmaterial',	'Wassenaar',	'KM3',	'2014',	800),
(1846,	'TR',	'Kriegsmaterial',	'Wassenaar',	'KM5',	'2014',	2153043),
(1847,	'TR',	'Kriegsmaterial',	'Wassenaar',	'KM6',	'2014',	49830),
(1848,	'TR',	'Kriegsmaterial',	'Wassenaar',	'KM8',	'2014',	123),
(1849,	'UA',	'Kriegsmaterial',	'Wassenaar',	'KM3',	'2014',	10994),
(1850,	'HU',	'Kriegsmaterial',	'Wassenaar',	'KM1',	'2014',	9636),
(1851,	'HU',	'Kriegsmaterial',	'Wassenaar',	'KM2',	'2014',	500),
(1852,	'HU',	'Kriegsmaterial',	'Wassenaar',	'KM3',	'2014',	2472047),
(1853,	'HU',	'Kriegsmaterial',	'Wassenaar',	'KM8',	'2014',	185443),
(1854,	'KE',	'Kriegsmaterial',	'Wassenaar',	'KM1',	'2014',	109044),
(1855,	'KE',	'Kriegsmaterial',	'Wassenaar',	'KM3',	'2014',	3500),
(1856,	'MR',	'Kriegsmaterial',	'Wassenaar',	'KM1',	'2014',	10),
(1857,	'ZA',	'Kriegsmaterial',	'Wassenaar',	'KM1',	'2014',	2683),
(1858,	'ZA',	'Kriegsmaterial',	'Wassenaar',	'KM2',	'2014',	35879),
(1859,	'ZA',	'Kriegsmaterial',	'Wassenaar',	'KM3',	'2014',	17216),
(1860,	'ZA',	'Kriegsmaterial',	'Wassenaar',	'KM5',	'2014',	45871),
(1861,	'ZA',	'Kriegsmaterial',	'Wassenaar',	'KM8',	'2014',	1123825),
(1862,	'TN',	'Kriegsmaterial',	'Wassenaar',	'KM10',	'2014',	544689),
(1863,	'AN',	'Kriegsmaterial',	'Wassenaar',	'KM1',	'2014',	800),
(1864,	'BM',	'Kriegsmaterial',	'Wassenaar',	'KM3',	'2014',	8593),
(1865,	'BR',	'Kriegsmaterial',	'Wassenaar',	'KM2',	'2014',	468544),
(1866,	'BR',	'Kriegsmaterial',	'Wassenaar',	'KM3',	'2014',	2995804),
(1867,	'BR',	'Kriegsmaterial',	'Wassenaar',	'KM5',	'2014',	222440),
(1868,	'BR',	'Kriegsmaterial',	'Wassenaar',	'KM6',	'2014',	8978144),
(1869,	'BR',	'Kriegsmaterial',	'Wassenaar',	'KM8',	'2014',	7825),
(1870,	'CL',	'Kriegsmaterial',	'Wassenaar',	'KM2',	'2014',	311939),
(1871,	'CL',	'Kriegsmaterial',	'Wassenaar',	'KM3',	'2014',	26370),
(1872,	'CL',	'Kriegsmaterial',	'Wassenaar',	'KM5',	'2014',	780490),
(1873,	'CL',	'Kriegsmaterial',	'Wassenaar',	'KM6',	'2014',	37501),
(1874,	'EC',	'Kriegsmaterial',	'Wassenaar',	'KM1',	'2014',	9245),
(1875,	'EC',	'Kriegsmaterial',	'Wassenaar',	'KM2',	'2014',	2587),
(1876,	'EC',	'Kriegsmaterial',	'Wassenaar',	'KM5',	'2014',	2635),
(1877,	'CA',	'Kriegsmaterial',	'Wassenaar',	'KM1',	'2014',	1219232),
(1878,	'CA',	'Kriegsmaterial',	'Wassenaar',	'KM3',	'2014',	87705),
(1879,	'CA',	'Kriegsmaterial',	'Wassenaar',	'KM6',	'2014',	199682),
(1880,	'CA',	'Kriegsmaterial',	'Wassenaar',	'KM10',	'2014',	239641),
(1881,	'PY',	'Kriegsmaterial',	'Wassenaar',	'KM3',	'2014',	381860),
(1882,	'US',	'Kriegsmaterial',	'Wassenaar',	'KM1',	'2014',	4435930),
(1883,	'US',	'Kriegsmaterial',	'Wassenaar',	'KM2',	'2014',	51975),
(1884,	'US',	'Kriegsmaterial',	'Wassenaar',	'KM3',	'2014',	3337909),
(1885,	'US',	'Kriegsmaterial',	'Wassenaar',	'KM4',	'2014',	104907),
(1886,	'US',	'Kriegsmaterial',	'Wassenaar',	'KM8',	'2014',	4140238),
(1887,	'US',	'Kriegsmaterial',	'Wassenaar',	'KM10',	'2014',	22225148),
(1888,	'US',	'Kriegsmaterial',	'Wassenaar',	'KM16',	'2014',	341038),
(1889,	'AE',	'Kriegsmaterial',	'Wassenaar',	'KM1',	'2014',	161452),
(1890,	'AE',	'Kriegsmaterial',	'Wassenaar',	'KM2',	'2014',	47820),
(1891,	'AE',	'Kriegsmaterial',	'Wassenaar',	'KM3',	'2014',	12193091),
(1892,	'AE',	'Kriegsmaterial',	'Wassenaar',	'KM4',	'2014',	246282),
(1893,	'AE',	'Kriegsmaterial',	'Wassenaar',	'KM5',	'2014',	1449313),
(1894,	'AE',	'Kriegsmaterial',	'Wassenaar',	'KM8',	'2014',	1060),
(1895,	'BH',	'Kriegsmaterial',	'Wassenaar',	'KM2',	'2014',	12192074),
(1896,	'BH',	'Kriegsmaterial',	'Wassenaar',	'KM3',	'2014',	1095000),
(1897,	'BH',	'Kriegsmaterial',	'Wassenaar',	'KM5',	'2014',	776016),
(1898,	'BN',	'Kriegsmaterial',	'Wassenaar',	'KM3',	'2014',	366822),
(1899,	'HK',	'Kriegsmaterial',	'Wassenaar',	'KM1',	'2014',	4839),
(1900,	'HK',	'Kriegsmaterial',	'Wassenaar',	'KM3',	'2014',	37000),
(1901,	'IN',	'Kriegsmaterial',	'Wassenaar',	'KM1',	'2014',	26626),
(1902,	'IN',	'Kriegsmaterial',	'Wassenaar',	'KM5',	'2014',	2156972),
(1903,	'IN',	'Kriegsmaterial',	'Wassenaar',	'KM10',	'2014',	5626),
(1904,	'ID',	'Kriegsmaterial',	'Wassenaar',	'KM1',	'2014',	1950245),
(1905,	'ID',	'Kriegsmaterial',	'Wassenaar',	'KM2',	'2014',	57030063),
(1906,	'ID',	'Kriegsmaterial',	'Wassenaar',	'KM3',	'2014',	4903179),
(1907,	'ID',	'Kriegsmaterial',	'Wassenaar',	'KM5',	'2014',	57589403),
(1908,	'IL',	'Kriegsmaterial',	'Wassenaar',	'KM10',	'2014',	126066),
(1909,	'JP',	'Kriegsmaterial',	'Wassenaar',	'KM1',	'2014',	1083),
(1910,	'JP',	'Kriegsmaterial',	'Wassenaar',	'KM3',	'2014',	440822),
(1911,	'JP',	'Kriegsmaterial',	'Wassenaar',	'KM7',	'2014',	148945),
(1912,	'JO',	'Kriegsmaterial',	'Wassenaar',	'KM1',	'2014',	402589),
(1913,	'KZ',	'Kriegsmaterial',	'Wassenaar',	'KM1',	'2014',	544000),
(1914,	'KZ',	'Kriegsmaterial',	'Wassenaar',	'KM3',	'2014',	18300),
(1915,	'QA',	'Kriegsmaterial',	'Wassenaar',	'KM1',	'2014',	2800),
(1916,	'QA',	'Kriegsmaterial',	'Wassenaar',	'KM3',	'2014',	223440),
(1917,	'KR',	'Kriegsmaterial',	'Wassenaar',	'KM1',	'2014',	61310),
(1918,	'KR',	'Kriegsmaterial',	'Wassenaar',	'KM2',	'2014',	159203),
(1919,	'KR',	'Kriegsmaterial',	'Wassenaar',	'KM3',	'2014',	1054773),
(1920,	'KR',	'Kriegsmaterial',	'Wassenaar',	'KM4',	'2014',	769941),
(1921,	'KW',	'Kriegsmaterial',	'Wassenaar',	'KM1',	'2014',	41794),
(1922,	'KW',	'Kriegsmaterial',	'Wassenaar',	'KM3',	'2014',	24681),
(1923,	'LB',	'Kriegsmaterial',	'Wassenaar',	'KM1',	'2014',	944860),
(1924,	'LB',	'Kriegsmaterial',	'Wassenaar',	'KM2',	'2014',	9572),
(1925,	'MO',	'Kriegsmaterial',	'Wassenaar',	'KM1',	'2014',	379773),
(1926,	'MO',	'Kriegsmaterial',	'Wassenaar',	'KM3',	'2014',	8416),
(1927,	'MY',	'Kriegsmaterial',	'Wassenaar',	'KM1',	'2014',	51627),
(1928,	'MY',	'Kriegsmaterial',	'Wassenaar',	'KM3',	'2014',	6),
(1929,	'MY',	'Kriegsmaterial',	'Wassenaar',	'KM5',	'2014',	100500),
(1930,	'MY',	'Kriegsmaterial',	'Wassenaar',	'KM8',	'2014',	909432),
(1931,	'OM',	'Kriegsmaterial',	'Wassenaar',	'KM1',	'2014',	13288),
(1932,	'OM',	'Kriegsmaterial',	'Wassenaar',	'KM3',	'2014',	1047336),
(1933,	'OM',	'Kriegsmaterial',	'Wassenaar',	'KM6',	'2014',	40373),
(1934,	'PK',	'Kriegsmaterial',	'Wassenaar',	'KM2',	'2014',	626425),
(1935,	'PK',	'Kriegsmaterial',	'Wassenaar',	'KM5',	'2014',	1740243),
(1936,	'SA',	'Kriegsmaterial',	'Wassenaar',	'KM1',	'2014',	190025),
(1937,	'SA',	'Kriegsmaterial',	'Wassenaar',	'KM2',	'2014',	914991),
(1938,	'SA',	'Kriegsmaterial',	'Wassenaar',	'KM5',	'2014',	2754084),
(1939,	'SG',	'Kriegsmaterial',	'Wassenaar',	'KM1',	'2014',	133850),
(1940,	'SG',	'Kriegsmaterial',	'Wassenaar',	'KM2',	'2014',	28966),
(1941,	'SG',	'Kriegsmaterial',	'Wassenaar',	'KM3',	'2014',	582370),
(1942,	'SG',	'Kriegsmaterial',	'Wassenaar',	'KM5',	'2014',	130894),
(1943,	'SG',	'Kriegsmaterial',	'Wassenaar',	'KM6',	'2014',	285863),
(1944,	'SG',	'Kriegsmaterial',	'Wassenaar',	'KM8',	'2014',	99500),
(1945,	'TH',	'Kriegsmaterial',	'Wassenaar',	'KM3',	'2014',	229500),
(1946,	'VN',	'Kriegsmaterial',	'Wassenaar',	'KM1',	'2014',	3071),
(1947,	'AU',	'Kriegsmaterial',	'Wassenaar',	'KM1',	'2014',	31492),
(1948,	'AU',	'Kriegsmaterial',	'Wassenaar',	'KM3',	'2014',	180663),
(1949,	'AU',	'Kriegsmaterial',	'Wassenaar',	'KM6',	'2014',	7245),
(1950,	'PF',	'Kriegsmaterial',	'Wassenaar',	'KM1',	'2014',	10136),
(1951,	'NZ',	'Kriegsmaterial',	'Wassenaar',	'KM1',	'2014',	64439),
(1952,	'NZ',	'Kriegsmaterial',	'Wassenaar',	'KM3',	'2014',	2000);

DROP TABLE IF EXISTS `kategorie`;
CREATE TABLE `kategorie` (
  `Id` int(11) NOT NULL AUTO_INCREMENT,
  `Kategorie` varchar(40) COLLATE utf8mb4_unicode_ci NOT NULL,
  PRIMARY KEY (`Id`),
  KEY `Kategorie` (`Kategorie`)
) ENGINE=InnoDB DEFAULT CHARSET=utf8mb4 COLLATE=utf8mb4_unicode_ci;

TRUNCATE `kategorie`;
INSERT INTO `kategorie` (`Id`, `Kategorie`) VALUES
(1,	'KM1'),
(10,	'KM10'),
(11,	'KM11'),
(12,	'KM12'),
(13,	'KM13'),
(14,	'KM14'),
(15,	'KM15'),
(16,	'KM16'),
(17,	'KM17'),
(18,	'KM18'),
(19,	'KM19'),
(2,	'KM2'),
(20,	'KM20'),
(21,	'KM21'),
(22,	'KM22'),
(3,	'KM3'),
(4,	'KM4'),
(5,	'KM5'),
(6,	'KM6'),
(7,	'KM7'),
(8,	'KM8'),
(9,	'KM9');

DROP TABLE IF EXISTS `laender`;
CREATE TABLE `laender` (
  `Code` char(2) COLLATE utf8mb4_unicode_ci NOT NULL,
  `Kontinent` varchar(12) COLLATE utf8mb4_unicode_ci NOT NULL,
  `Land` varchar(40) COLLATE utf8mb4_unicode_ci NOT NULL,
  `LandFranz` varchar(40) COLLATE utf8mb4_unicode_ci DEFAULT NULL,
  `latitude` float(10,6) NOT NULL,
  `longitude` float(10,6) NOT NULL,
  PRIMARY KEY (`Code`)
) ENGINE=InnoDB DEFAULT CHARSET=utf8mb4 COLLATE=utf8mb4_unicode_ci;

TRUNCATE `laender`;
INSERT INTO `laender` (`Code`, `Kontinent`, `Land`, `LandFranz`, `latitude`, `longitude`) VALUES
('AD',	'Europa',	'Andorra',	'Andorre',	42.513378,	1.538820),
('AE',	'Asien',	'Arabische Emirate',	'Emirats arabes unis',	24.116674,	54.228516),
('AN',	'Amerika',	'Antillen, Niederl.',	'Antilles, Néerland.',	12.198579,	-68.263550),
('AR',	'Amerika',	'Argentinien',	'Argentine',	-37.090240,	-65.214844),
('AT',	'Europa',	'Österreich',	'Autriche',	47.597881,	14.723680),
('AU',	'Australien',	'Australien',	'Australie',	-27.059126,	135.000000),
('BA',	'Europa',	'Bosnien und Herzeg.',	'Bosnie et Herzég.',	43.893932,	17.869263),
('BB',	'Amerika',	'Barbados',	'Barbade',	13.160381,	-59.556164),
('BD',	'Asien',	'Bangladesch',	'Bangladesh',	23.704895,	90.395508),
('BE',	'Europa',	'Belgien',	'Belgique',	50.829750,	4.054480),
('BG',	'Europa',	'Bulgarien',	'Bulgarie',	42.608639,	25.404810),
('BH',	'Asien',	'Bahrain',	'Bahreïn',	25.997549,	50.546722),
('BJ',	'Afrika',	'Benin',	'Bnin',	6.502603,	2.611570),
('BM',	'Amerika',	'Bermuda',	'Bermudes',	32.307571,	-64.751976),
('BN',	'Asien',	'Brunei',	'Brunei',	4.447580,	114.585045),
('BR',	'Amerika',	'Brasilien',	'Brésil',	-13.154376,	-47.197266),
('BW',	'Afrika',	'Botswana',	'Botswana',	-22.998852,	23.972168),
('CA',	'Amerika',	'Kanada',	'Canada',	53.435719,	-98.964844),
('CH',	'Europa',	'Schweiz',	'Suisse',	46.947922,	7.444608),
('CL',	'Amerika',	'Chile',	'Chili',	-36.738884,	-72.246094),
('CM',	'Afrika',	'Kamerun',	'Cameroun',	3.820408,	12.019043),
('CR',	'Amerika',	'Costa Rica',	'Costa Rica',	10.099567,	-84.190643),
('CY',	'Europa',	'Zypern',	'Chypre',	34.996254,	33.206177),
('CZ',	'Europa',	'Tschechische Rep.',	'Tchèque, Rép.',	49.428799,	15.075750),
('DE',	'Europa',	'Deutschland',	'Allemagne',	50.685822,	10.451526),
('DK',	'Europa',	'Dänemark',	'Danemark',	56.074581,	9.377740),
('DM',	'Amerika',	'Dominica',	'Dominique',	15.437111,	-61.344959),
('DO',	'Amerika',	'Dominika Rep.',	'Rep. Dominicaine',	18.945276,	-70.318703),
('DZ',	'Afrika',	'Algerien',	'Algérie',	29.186365,	2.193538),
('EC',	'Amerika',	'Ecuador',	'Equateur',	-0.208740,	-78.541260),
('EE',	'Europa',	'Estland',	'Estonie',	58.786491,	25.758301),
('EG',	'Afrika',	'Ägypten',	'Egypte',	26.490240,	30.915527),
('ES',	'Europa',	'Spanien',	'Espagne',	40.275600,	-3.452190),
('FI',	'Europa',	'Finnland',	'Finlande',	62.471149,	25.757200),
('FR',	'Europa',	'Frankreich',	'France',	46.334560,	2.535790),
('GA',	'Afrika',	'Gabun',	'Gabon',	-0.623610,	11.711865),
('GB',	'Europa',	'Grossbritannien',	'Grande-Bretagne',	52.141178,	-1.614660),
('GE',	'Europa',	'Georgien',	'Géorgie',	42.155849,	43.416599),
('GH',	'Afrika',	'Ghana',	'Ghana',	5.615986,	-1.098633),
('GN',	'Afrika',	'Guinea',	'Guinée',	10.916004,	-11.237180),
('GR',	'Europa',	'Griechenland',	'Grèce',	37.802090,	22.745520),
('GW',	'Afrika',	'Guinea-Bissau',	'Guine Bissau',	11.871668,	-15.624172),
('HK',	'Asien',	'Hongkong',	'Hong-Kong',	22.262421,	114.180260),
('HR',	'Europa',	'Kroatien',	'Croatie',	45.552525,	16.237793),
('HU',	'Europa',	'Ungarn',	'Hongrie',	47.503674,	19.033590),
('ID',	'Asien',	'Indonesien',	'Indonésie',	-1.846323,	115.246307),
('IE',	'Europa',	'Irland',	'Irlande',	53.010632,	-7.884280),
('IL',	'Asien',	'Israel',	'Israël',	31.683769,	34.700317),
('IN',	'Asien',	'Indien',	'Inde',	19.311144,	78.486328),
('IS',	'Europa',	'Island',	'Islande',	64.576752,	-18.479004),
('IT',	'Europa',	'Italien',	'Italie',	41.394890,	13.984980),
('JO',	'Asien',	'Jordanien',	'Jordanie',	30.958769,	36.101074),
('JP',	'Asien',	'Japan',	'Japon',	35.889050,	138.691406),
('KE',	'Afrika',	'Kenia',	'Kenya',	-1.275510,	36.799221),
('KR',	'Asien',	'Korea (Süd)',	'Corée (Sud)',	35.487511,	128.034668),
('KW',	'Asien',	'Kuwait',	'Koweït',	29.188135,	47.996521),
('KZ',	'Europa',	'Kasachstan',	'Kazakhstan',	51.399204,	71.279297),
('LB',	'Asien',	'Libanon',	'Liban',	33.886929,	35.513016),
('LT',	'Europa',	'Litauen',	'Lituanie',	54.819519,	24.422100),
('LU',	'Europa',	'Luxemburg',	'Luxembourg',	49.617199,	6.114620),
('LV',	'Europa',	'Lettland',	'Lettonie',	56.818039,	24.580410),
('ME',	'Europa',	'Montenegro',	'Montenegro',	42.781075,	19.181406),
('MK',	'Europa',	'Mazedonien',	'Macédoine',	41.680717,	21.587769),
('ML',	'Afrika',	'Mali',	'Mali',	17.217999,	-2.140048),
('MO',	'Asien',	'Macao',	'Macao',	22.188677,	113.546448),
('MR',	'Afrika',	'Mauretanien',	'Mauritanie',	20.113413,	-10.775383),
('MT',	'Europa',	'Malta',	'Malte',	35.896561,	14.440155),
('MX',	'Amerika',	'Mexiko',	'Mexico',	23.666910,	-102.669586),
('MY',	'Asien',	'Malaysia',	'Malaisie',	3.008870,	101.931152),
('NA',	'Afrika',	'Namibia',	'Namibie',	-22.561842,	17.064777),
('NE',	'Afrika',	'Niger',	'Niger',	17.098791,	10.129395),
('NL',	'Europa',	'Niederlande',	'Pays-Bas',	52.208618,	5.194290),
('NO',	'Europa',	'Norwegen',	'Norvège',	62.021526,	8.701172),
('NZ',	'Australien',	'Neuseeland',	'Nouvelle-Zélande',	-42.346951,	172.186707),
('OM',	'Asien',	'Oman',	'Oman',	20.981956,	57.436523),
('PA',	'Amerika',	'Panama',	'Panama',	8.425509,	-81.006241),
('PE',	'Amerika',	'Peru',	'Pérou',	-9.368668,	-75.781433),
('PF',	'Australien',	'Franz. Polynesien',	'Polynésie française',	-17.648718,	-149.447800),
('PK',	'Asien',	'Pakistan',	'Pakistan',	33.100746,	72.575684),
('PL',	'Europa',	'Polen',	'Pologne',	51.805969,	19.657021),
('PT',	'Europa',	'Portugal',	'Portugal',	39.378181,	-8.457070),
('PY',	'Amerika',	'Paraguay',	'Paraguay',	-22.706964,	-58.712021),
('QA',	'Asien',	'Katar',	'Qatar',	25.182573,	51.212769),
('RO',	'Europa',	'Rumänien',	'Roumanie',	45.352146,	25.532227),
('RS',	'Europa',	'Serbien',	'Serbie',	44.786568,	20.448921),
('RU',	'Europa',	'Russland',	'Russie',	55.754093,	37.620361),
('SA',	'Asien',	'Saudi-Arabien',	'Arabie Saoudite',	22.146708,	45.439453),
('SC',	'Afrika',	'Seychellen',	'Seychelles',	-4.663938,	55.461971),
('SE',	'Europa',	'Schweden',	'Suède',	59.219311,	14.771140),
('SG',	'Asien',	'Singapur',	'Singapour',	1.302140,	103.838501),
('SI',	'Europa',	'Slowenien',	'Slovénie',	45.905300,	14.425049),
('SK',	'Europa',	'Slowakei',	'Slovaquie',	48.390099,	18.776421),
('SM',	'Europa',	'San Marino',	'Saint-Marin',	43.930550,	12.470370),
('SR',	'Amerika',	'Surinam',	'Surinam',	4.087687,	-56.010765),
('SV',	'Amerika',	'El Salvador',	'El Salvador',	13.731274,	-88.940331),
('TH',	'Asien',	'Thailand',	'Thaïlande',	13.848920,	100.643700),
('TM',	'Asien',	'Turkmenistan',	'Turkmenistan',	39.576176,	58.456993),
('TN',	'Afrika',	'Tunesien',	'Tunisie',	33.975559,	9.582737),
('TR',	'Europa',	'Türkei',	'Turquie',	38.805470,	34.409180),
('TT',	'Amerika',	'Trinidad Tobago',	'Trinidad Tobago',	10.422103,	-61.272083),
('TZ',	'Afrika',	'Tansania',	'Tanzanie',	-6.882800,	39.199219),
('UA',	'Europa',	'Ukraine',	'Ukraine',	50.402199,	30.684959),
('US',	'Amerika',	'U.S.A',	'U.S.A',	37.996117,	-97.208389),
('UY',	'Amerika',	'Uruguay',	'Uruguay',	-33.089169,	-56.064388),
('VA',	'Europa',	'Heiliger Stuhl',	'Saint Siège',	41.903385,	12.452769),
('VE',	'Amerika',	'Venezuela',	'Venezuela',	7.834141,	-66.065353),
('VN',	'Asien',	'Vietnam',	'Vietnam',	20.986927,	105.499062),
('XK',	'Europa',	'Kosovo',	'Kosovo',	42.627476,	20.964342),
('ZA',	'Afrika',	'Südafrika',	'Afrique du Sud',	-32.916485,	21.621094);

DROP VIEW IF EXISTS `laenderexport`;
CREATE TABLE `laenderexport` (`Code` char(2), `Id` int(11), `Art` varchar(40), `System` varchar(10), `Kategorie` varchar(15), `Year` year(4), `Betrag` int(11), `Kontinent` varchar(12), `Land` varchar(40), `LandFranz` varchar(40), `latitude` float(10,6), `longitude` float(10,6));


DROP TABLE IF EXISTS `system`;
CREATE TABLE `system` (
  `Id` int(11) NOT NULL AUTO_INCREMENT,
  `System` varchar(40) COLLATE utf8mb4_unicode_ci NOT NULL,
  PRIMARY KEY (`Id`),
  KEY `System` (`System`)
) ENGINE=InnoDB DEFAULT CHARSET=utf8mb4 COLLATE=utf8mb4_unicode_ci;

TRUNCATE `system`;
INSERT INTO `system` (`Id`, `System`) VALUES
(1,	'Wassenaar');

DROP TABLE IF EXISTS `laenderexport`;
CREATE ALGORITHM=UNDEFINED SQL SECURITY DEFINER VIEW `laenderexport` AS select `export`.`Code` AS `Code`,`export`.`Id` AS `Id`,`export`.`Art` AS `Art`,`export`.`System` AS `System`,`export`.`Kategorie` AS `Kategorie`,`export`.`Year` AS `Year`,`export`.`Betrag` AS `Betrag`,`laender`.`Kontinent` AS `Kontinent`,`laender`.`Land` AS `Land`,`laender`.`LandFranz` AS `LandFranz`,`laender`.`latitude` AS `latitude`,`laender`.`longitude` AS `longitude` from (`export` join `laender` on((`export`.`Code` = `laender`.`Code`)));

-- 2015-08-27 13:45:58
